{"level":30,"time":1790823615316,"service":"shop-api","reqId":"ce06fbd9-5bc6-4b48-9edf-c524afdf3cec","req":{"method":"PUT","url":"/api/cart/items/4"},"res":{"statusCode":200},"responseTime":39,"msg":"request completed"}
{"level":30,"time":1790823644457,"service":"shop-api","reqId":"8fff1fad-1e72-4470-8fb2-bf2229b91826","req":{"method":"GET","url":"/api/products/13"},"res":{"statusCode":404},"responseTime":11,"msg":"request completed"}
{"level":30,"time":1790823660990,"service":"shop-api","reqId":"1ece794f-5625-47fb-9a22-08e75011610e","req":{"method":"GET","url":"/api/products/5"},"res":{"statusCode":200},"responseTime":4,"msg":"request completed"}
{"level":30,"time":1790823673299,"service":"shop-api","reqId":"d5614eb6-cf42-4d48-af5a-cda9dba8f25b","req":{"method":"GET","url":"/api/products"},"res":{"statusCode":200},"responseTime":12,"msg":"request completed"}
{"level":30,"time":1790823677830,"service":"shop-api","reqId":"a06fc97d-86c6-4bd2-a138-67a899b1202e","req":{"method":"GET","url":"/api/products"},"res":{"statusCode":200},"responseTime":8,"msg":"request completed"}
{"level":30,"time":1790823705502,"service":"shop-api","reqId":"1682c123-5986-4a20-ba02-04edec3b0c48","req":{"method":"POST","url":"/api/auth/login"},"res":{"statusCode":200},"responseTime":87,"msg":"request completed"}
{"level":30,"time":1790823709847,"service":"shop-api","reqId":"0b6fc131-2e7e-4ffd-8949-b043e2f19aaf","req":{"method":"GET","url":"/api/products"},"res":{"statusCode":200},"responseTime":15,"msg":"request completed"}
{"level":30,"time":1790823736622,"service":"shop-api","reqId":"8307fb0a-e6b9-4db8-8f17-68d44c98a95d","req":{"method":"GET","url":"/api/products/2"},"res":{"statusCode":200},"responseTime":8,"msg":"request completed"}
{"level":30,"time":1790823755199,"service":"shop-api","reqId":"e3a56f67-fac3-4801-bbf4-597e8c3402ac","req":{"method":"GET","url":"/api/products/14"},"res":{"statusCode":404},"responseTime":18,"msg":"request completed"}
{"level":30,"time":1790823784659,"service":"shop-api","reqId":"338a906f-ec5e-4bf3-b9c8-79bb9ff07e23","req":{"method":"POST","url":"/api/orders"},"res":{"statusCode":201},"responseTime":34,"msg":"request completed"}
{"level":30,"time":1790823792469,"service":"shop-api","reqId":"08d17961-8ce3-49e9-8f2e-3586f3bd176e","req":{"method":"GET","url":"/api/products"},"res":{"statusCode":200},"responseTime":33,"msg":"request completed"}
{"level":30,"time":1790823813401,"service":"shop-api","reqId":"b37b5952-1b9a-4cb6-bd51-51a5276327c8","req":{"method":"GET","url":"/api/products"},"res":{"statusCode":200},"responseTime":20,"msg":"request completed"}
{"level":30,"time":1790823822287,"service":"shop-api","reqId":"bc95a135-bf79-4ef8-98f7-18ae5dcb3bdc","req":{"method":"GET","url":"/api/products/14"},"res":{"statusCode":404},"responseTime":18,"msg":"request completed"}
{"level":30,"time":1790823824422,"service":"shop-api","reqId":"ca72335e-d7b0-4f6f-b62d-6776cd4410d7","req":{"method":"GET","url":"/api/products/9"},"res":{"statusCode":200},"responseTime":19,"msg":"request completed"}
{"level":30,"time":1790823836990,"service":"shop-api","reqId":"b3af6628-fe64-4102-8b0a-6ee54bd9bc3e","orderId":781,"amount":23000,"msg":"payment requested"}
{"level":30,"time":1790823836994,"service":"shop-api","reqId":"b3af6628-fe64-4102-8b0a-6ee54bd9bc3e","attempt":1,"gatewayTxId":"GW-C1E80F","msg":"gateway call"}
{"level":30,"time":1790823837029,"service":"shop-api","reqId":"b3af6628-fe64-4102-8b0a-6ee54bd9bc3e","orderId":781,"gatewayTxId":"GW-C1E80F","msg":"payment approved"}
{"level":30,"time":1790823837032,"service":"shop-api","reqId":"b3af6628-fe64-4102-8b0a-6ee54bd9bc3e","req":{"method":"POST","url":"/api/orders/781/pay"},"res":{"statusCode":200},"responseTime":44,"msg":"request completed"}
{"level":30,"time":1790823840558,"service":"shop-api","reqId":"ea9ef414-5bfe-4b4a-948d-213b04f36da5","req":{"method":"GET","url":"/api/products"},"res":{"statusCode":200},"responseTime":30,"msg":"request completed"}
{"level":30,"time":1790823844848,"service":"shop-api","reqId":"3c956f87-e503-48df-aa8e-ce6d0fe1f174","req":{"method":"GET","url":"/api/products"},"res":{"statusCode":200},"responseTime":10,"msg":"request completed"}
{"level":30,"time":1790823848268,"service":"shop-api","reqId":"21445642-983a-4734-b369-4df002522285","req":{"method":"GET","url":"/api/products/3"},"res":{"statusCode":200},"responseTime":15,"msg":"request completed"}
{"level":30,"time":1790823865563,"service":"shop-api","reqId":"ecde02bb-7b68-45db-9c85-50f2a1eb89f8","req":{"method":"POST","url":"/api/auth/login"},"res":{"statusCode":200},"responseTime":103,"msg":"request completed"}
{"level":30,"time":1790823883630,"service":"shop-api","reqId":"5cac5909-a246-4aeb-ba60-44659c3757ac","req":{"method":"GET","url":"/api/products"},"res":{"statusCode":200},"responseTime":20,"msg":"request completed"}
{"level":30,"time":1790823886479,"service":"shop-api","reqId":"d097a3f3-6933-448b-b4c6-c5100f3ea925","req":{"method":"GET","url":"/api/products"},"res":{"statusCode":200},"responseTime":7,"msg":"request completed"}
{"level":30,"time":1790823897665,"service":"shop-api","reqId":"e5ca9cc5-ed63-4f70-a0e8-d6b5ccb707a4","orderId":782,"amount":118000,"msg":"payment requested"}
{"level":30,"time":1790823897669,"service":"shop-api","reqId":"e5ca9cc5-ed63-4f70-a0e8-d6b5ccb707a4","attempt":1,"gatewayTxId":"GW-C0B649","msg":"gateway call"}
{"level":30,"time":1790823897704,"service":"shop-api","reqId":"e5ca9cc5-ed63-4f70-a0e8-d6b5ccb707a4","orderId":782,"gatewayTxId":"GW-C0B649","msg":"payment approved"}
{"level":30,"time":1790823897707,"service":"shop-api","reqId":"e5ca9cc5-ed63-4f70-a0e8-d6b5ccb707a4","req":{"method":"POST","url":"/api/orders/782/pay"},"res":{"statusCode":200},"responseTime":44,"msg":"request completed"}
{"level":30,"time":1790823911228,"service":"shop-api","reqId":"1da3dbd0-18e8-4f84-9907-7a4ba2be4204","req":{"method":"GET","url":"/api/products"},"res":{"statusCode":200},"responseTime":35,"msg":"request completed"}
{"level":30,"time":1790823948455,"service":"shop-api","reqId":"a7e1804f-edf9-45a6-8284-ad4997ec2ed8","req":{"method":"GET","url":"/api/products"},"res":{"statusCode":200},"responseTime":35,"msg":"request completed"}
{"level":30,"time":1790823950003,"service":"shop-api","reqId":"ba969fff-cfb6-4824-851a-770aba1bcb73","orderId":783,"amount":26000,"msg":"payment requested"}
{"level":30,"time":1790823950007,"service":"shop-api","reqId":"ba969fff-cfb6-4824-851a-770aba1bcb73","attempt":1,"gatewayTxId":"GW-D94A5E","msg":"gateway call"}
{"level":30,"time":1790823950042,"service":"shop-api","reqId":"ba969fff-cfb6-4824-851a-770aba1bcb73","orderId":783,"gatewayTxId":"GW-D94A5E","msg":"payment approved"}
{"level":30,"time":1790823950045,"service":"shop-api","reqId":"ba969fff-cfb6-4824-851a-770aba1bcb73","req":{"method":"POST","url":"/api/orders/783/pay"},"res":{"statusCode":200},"responseTime":44,"msg":"request completed"}
{"level":30,"time":1790823950670,"service":"shop-api","reqId":"19ac9aaa-65f0-4771-9d8b-9bf2c04bbff3","req":{"method":"GET","url":"/api/products/9"},"res":{"statusCode":200},"responseTime":10,"msg":"request completed"}
{"level":30,"time":1790823969220,"service":"shop-api","reqId":"f70da361-3423-4b6d-a077-c3cf56ab29ad","req":{"method":"PUT","url":"/api/cart/items/4"},"res":{"statusCode":200},"responseTime":11,"msg":"request completed"}
{"level":30,"time":1790823975319,"service":"shop-api","reqId":"0dbbe950-1415-432c-8246-697833ae2c48","req":{"method":"POST","url":"/api/quote"},"res":{"statusCode":200},"responseTime":25,"msg":"request completed"}
{"level":30,"time":1790824012111,"service":"shop-api","reqId":"a7ae7b9c-35cd-46c7-9c6f-48d5be92cc83","req":{"method":"GET","url":"/api/products/8"},"res":{"statusCode":200},"responseTime":17,"msg":"request completed"}
{"level":30,"time":1790824038292,"service":"shop-api","reqId":"1e41b58a-b2ff-47e8-96ea-82d15174eeac","req":{"method":"GET","url":"/api/products"},"res":{"statusCode":200},"responseTime":13,"msg":"request completed"}
{"level":30,"time":1790824069147,"service":"shop-api","reqId":"5e2f89b0-1a69-4933-90ab-6e4569fb0b24","req":{"method":"GET","url":"/api/products"},"res":{"statusCode":200},"responseTime":30,"msg":"request completed"}
{"level":30,"time":1790824088206,"service":"shop-api","reqId":"bcb3226a-ce7c-44fa-8e4d-c33079665773","req":{"method":"POST","url":"/api/auth/login"},"res":{"statusCode":200},"responseTime":58,"msg":"request completed"}
{"level":30,"time":1790824099636,"service":"shop-api","reqId":"380f0ff2-f209-433f-8c8e-0caf9e5309b8","req":{"method":"PUT","url":"/api/cart/items/9"},"res":{"statusCode":409},"responseTime":25,"msg":"request completed"}
{"level":30,"time":1790824108032,"service":"shop-api","reqId":"303939e3-3ac5-40db-990d-144ed42111d8","req":{"method":"POST","url":"/api/orders"},"res":{"statusCode":201},"responseTime":72,"msg":"request completed"}
{"level":30,"time":1790824126942,"service":"shop-api","reqId":"5dc7d10a-fe57-459b-9089-0a15b05c8d13","req":{"method":"POST","url":"/api/orders"},"res":{"statusCode":201},"responseTime":63,"msg":"request completed"}
{"level":30,"time":1790824127549,"service":"shop-api","reqId":"256c5e3c-f9ca-4526-b427-ae8e7db5508b","req":{"method":"GET","url":"/api/products"},"res":{"statusCode":200},"responseTime":27,"msg":"request completed"}
{"level":30,"time":1790824137139,"service":"shop-api","reqId":"cda9ecfa-0199-4d62-8085-e878e13f5f43","req":{"method":"GET","url":"/api/products"},"res":{"statusCode":200},"responseTime":15,"msg":"request completed"}
{"level":30,"time":1790824137557,"service":"shop-api","reqId":"582e2443-b5c0-4b38-88e1-0fd5252857c2","req":{"method":"PUT","url":"/api/cart/items/6"},"res":{"statusCode":200},"responseTime":22,"msg":"request completed"}
{"level":30,"time":1790824137796,"service":"shop-api","reqId":"f6f1ab3f-1344-463a-9168-ca15acd9614c","req":{"method":"GET","url":"/api/products"},"res":{"statusCode":200},"responseTime":7,"msg":"request completed"}
{"level":30,"time":1790824170763,"service":"shop-api","reqId":"83d9518d-d8cb-4fe5-bbc5-620be6844f52","req":{"method":"GET","url":"/api/products/12"},"res":{"statusCode":200},"responseTime":12,"msg":"request completed"}
{"level":30,"time":1790824178538,"service":"shop-api","reqId":"1fac9e3d-30f1-47a0-9339-c3bc1735333e","req":{"method":"GET","url":"/api/products"},"res":{"statusCode":200},"responseTime":7,"msg":"request completed"}
{"level":30,"time":1790824199136,"service":"shop-api","reqId":"c1f1da72-58a1-45f7-b391-cffacadaac74","req":{"method":"POST","url":"/api/auth/login"},"res":{"statusCode":200},"responseTime":92,"msg":"request completed"}
{"level":30,"time":1790824212237,"service":"shop-api","reqId":"0b90dfb7-0712-453b-b86e-0ca7f6679a27","req":{"method":"POST","url":"/api/orders"},"res":{"statusCode":201},"responseTime":85,"msg":"request completed"}
{"level":30,"time":1790824213871,"service":"shop-api","reqId":"51eafe93-1e45-4628-b11e-b69295290836","req":{"method":"GET","url":"/api/products"},"res":{"statusCode":200},"responseTime":34,"msg":"request completed"}
{"level":30,"time":1790824238630,"service":"shop-api","reqId":"41f39309-c447-4817-a6b8-020f3f75fe1d","req":{"method":"GET","url":"/api/products"},"res":{"statusCode":200},"responseTime":17,"msg":"request completed"}
{"level":30,"time":1790824244757,"service":"shop-api","reqId":"7673f873-8238-409d-95ec-5b0224a6d09e","orderId":784,"amount":101000,"msg":"payment requested"}
{"level":30,"time":1790824244761,"service":"shop-api","reqId":"7673f873-8238-409d-95ec-5b0224a6d09e","attempt":1,"gatewayTxId":"GW-031509","msg":"gateway call"}
{"level":30,"time":1790824244796,"service":"shop-api","reqId":"7673f873-8238-409d-95ec-5b0224a6d09e","orderId":784,"gatewayTxId":"GW-031509","msg":"payment approved"}
{"level":30,"time":1790824244799,"service":"shop-api","reqId":"7673f873-8238-409d-95ec-5b0224a6d09e","req":{"method":"POST","url":"/api/orders/784/pay"},"res":{"statusCode":200},"responseTime":44,"msg":"request completed"}
{"level":30,"time":1790824252294,"service":"shop-api","reqId":"d4c81cd2-1ac9-4394-9256-f238e291787d","req":{"method":"GET","url":"/api/products"},"res":{"statusCode":200},"responseTime":10,"msg":"request completed"}
{"level":30,"time":1790824265321,"service":"shop-api","reqId":"1f7c9093-10c2-4e18-9207-1d3a75754392","req":{"method":"GET","url":"/api/products/9"},"res":{"statusCode":200},"responseTime":19,"msg":"request completed"}
{"level":30,"time":1790824271359,"service":"shop-api","reqId":"c96e1542-0c75-4d20-a9e7-e8b3a812b2ac","req":{"method":"POST","url":"/api/orders"},"res":{"statusCode":201},"responseTime":30,"msg":"request completed"}
{"level":30,"time":1790824290432,"service":"shop-api","reqId":"da3fd238-3d69-448b-8676-329833132505","orderId":785,"amount":19000,"msg":"payment requested"}
{"level":30,"time":1790824290436,"service":"shop-api","reqId":"da3fd238-3d69-448b-8676-329833132505","attempt":1,"gatewayTxId":"GW-1AE761","msg":"gateway call"}
{"level":30,"time":1790824290471,"service":"shop-api","reqId":"da3fd238-3d69-448b-8676-329833132505","orderId":785,"gatewayTxId":"GW-1AE761","msg":"payment approved"}
{"level":30,"time":1790824290474,"service":"shop-api","reqId":"da3fd238-3d69-448b-8676-329833132505","req":{"method":"POST","url":"/api/orders/785/pay"},"res":{"statusCode":200},"responseTime":44,"msg":"request completed"}
{"level":30,"time":1790824300464,"service":"shop-api","reqId":"4b786568-b9d4-4277-a8af-bdd2ea70947f","req":{"method":"POST","url":"/api/quote"},"res":{"statusCode":200},"responseTime":28,"msg":"request completed"}
{"level":30,"time":1790824317927,"service":"shop-api","reqId":"e9a7ee99-4c8d-4245-ad98-ca7cd7c97f3d","req":{"method":"GET","url":"/api/products"},"res":{"statusCode":200},"responseTime":9,"msg":"request completed"}
{"level":30,"time":1790824322548,"service":"shop-api","reqId":"41b191b0-3277-4b2a-8cb7-ed35c03c2121","req":{"method":"GET","url":"/api/orders/782"},"res":{"statusCode":200},"responseTime":27,"msg":"request completed"}
{"level":30,"time":1790824332556,"service":"shop-api","reqId":"af36f495-fab0-4b71-acf8-10bff1c56393","req":{"method":"GET","url":"/api/orders/780"},"res":{"statusCode":200},"responseTime":13,"msg":"request completed"}
{"level":30,"time":1790824334569,"service":"shop-api","reqId":"03400f17-1799-44c3-a759-c57179666323","req":{"method":"GET","url":"/api/products/10"},"res":{"statusCode":200},"responseTime":14,"msg":"request completed"}
{"level":30,"time":1790824339025,"service":"shop-api","reqId":"7fc5640d-17fa-42ae-8d41-23a5ccb662b5","req":{"method":"GET","url":"/api/products"},"res":{"statusCode":200},"responseTime":14,"msg":"request completed"}
{"level":30,"time":1790824354009,"service":"shop-api","reqId":"07c7a287-f652-47f5-8ed2-333e288ccded","req":{"method":"POST","url":"/api/orders"},"res":{"statusCode":201},"responseTime":65,"msg":"request completed"}
{"level":30,"time":1790824356793,"service":"shop-api","reqId":"6cc31273-14cd-45a9-9957-0a51e605853a","req":{"method":"POST","url":"/api/auth/login"},"res":{"statusCode":200},"responseTime":75,"msg":"request completed"}
{"level":30,"time":1790824360278,"service":"shop-api","reqId":"ef0de784-732a-46ff-9021-5c2b01341a4d","req":{"method":"POST","url":"/api/auth/login"},"res":{"statusCode":200},"responseTime":61,"msg":"request completed"}
{"level":30,"time":1790824385678,"service":"shop-api","reqId":"1babe19a-33ff-469c-86bb-e4f1732dc207","req":{"method":"PUT","url":"/api/cart/items/8"},"res":{"statusCode":200},"responseTime":22,"msg":"request completed"}
{"level":30,"time":1790824388402,"service":"shop-api","reqId":"b2ec90bb-fd72-427d-bdc9-035263e9f9e0","req":{"method":"GET","url":"/api/products"},"res":{"statusCode":200},"responseTime":25,"msg":"request completed"}
{"level":30,"time":1790824389115,"service":"shop-api","reqId":"b13a303f-6a39-42bb-8a20-92dd827a822a","req":{"method":"POST","url":"/api/quote"},"res":{"statusCode":200},"responseTime":10,"msg":"request completed"}
{"level":30,"time":1790824413644,"service":"shop-api","reqId":"fd2fb921-3077-4af5-bc60-a02c8efe9cb4","req":{"method":"PUT","url":"/api/cart/items/9"},"res":{"statusCode":200},"responseTime":23,"msg":"request completed"}
{"level":30,"time":1790824414505,"service":"shop-api","reqId":"846ba2d5-b1bb-4282-9ffb-5acfc0c573fd","req":{"method":"POST","url":"/api/quote"},"res":{"statusCode":200},"responseTime":28,"msg":"request completed"}
{"level":30,"time":1790824423767,"service":"shop-api","reqId":"c4f3cff2-2495-4a9b-9a47-4fda8a994acc","req":{"method":"GET","url":"/api/products"},"res":{"statusCode":200},"responseTime":25,"msg":"request completed"}
{"level":30,"time":1790824424942,"service":"shop-api","reqId":"5bdd42ab-bcc9-4ef4-919c-93f14bdea17a","req":{"method":"GET","url":"/api/products"},"res":{"statusCode":200},"responseTime":7,"msg":"request completed"}
{"level":30,"time":1790824430439,"service":"shop-api","reqId":"16a6d6a0-5ef4-4ef9-a061-1f63796bf824","req":{"method":"PUT","url":"/api/cart/items/9"},"res":{"statusCode":200},"responseTime":14,"msg":"request completed"}
{"level":30,"time":1790824431827,"service":"shop-api","reqId":"91a93a4b-4d70-4893-a32a-b0fbccd64f27","req":{"method":"POST","url":"/api/auth/login"},"res":{"statusCode":200},"responseTime":65,"msg":"request completed"}
{"level":30,"time":1790824438708,"service":"shop-api","reqId":"64e4fea8-401b-4aad-94ce-006a6959d882","req":{"method":"POST","url":"/api/orders"},"res":{"statusCode":201},"responseTime":64,"msg":"request completed"}
{"level":30,"time":1790824449340,"service":"shop-api","reqId":"0dbc2b51-56b8-4e95-b458-082e3a12e4bc","req":{"method":"GET","url":"/api/products"},"res":{"statusCode":200},"responseTime":26,"msg":"request completed"}
{"level":30,"time":1790824493042,"service":"shop-api","reqId":"164db53d-2173-4e8e-80a5-141aa29c3e74","req":{"method":"POST","url":"/api/quote"},"res":{"statusCode":200},"responseTime":38,"msg":"request completed"}
{"level":30,"time":1790824498631,"service":"shop-api","reqId":"969569cf-bbd6-47e0-bc0f-325b44dfbb98","req":{"method":"GET","url":"/api/products"},"res":{"statusCode":200},"responseTime":8,"msg":"request completed"}
{"level":30,"time":1790824505810,"service":"shop-api","reqId":"7626b701-3a14-431b-aad2-f1aeccbc5894","req":{"method":"POST","url":"/api/auth/login"},"res":{"statusCode":200},"responseTime":48,"msg":"request completed"}
{"level":30,"time":1790824516397,"service":"shop-api","reqId":"d467446f-cb6f-4251-9271-4692c3690183","req":{"method":"GET","url":"/api/products"},"res":{"statusCode":200},"responseTime":7,"msg":"request completed"}
{"level":30,"time":1790824524979,"service":"shop-api","reqId":"bb93f37e-4add-435c-ad58-df2699c3b9e5","req":{"method":"POST","url":"/api/orders"},"res":{"statusCode":201},"responseTime":43,"msg":"request completed"}
{"level":30,"time":1790824533738,"service":"shop-api","reqId":"cde5dfe7-fd9a-4933-8c52-17a2b343b2bb","req":{"method":"POST","url":"/api/auth/login"},"res":{"statusCode":200},"responseTime":55,"msg":"request completed"}
{"level":30,"time":1790824538100,"service":"shop-api","reqId":"e8ebea5e-d2dc-4f52-8feb-cb20b308baca","req":{"method":"GET","url":"/api/products/9"},"res":{"statusCode":200},"responseTime":11,"msg":"request completed"}
{"level":30,"time":1790824551552,"service":"shop-api","reqId":"0742a09c-a4f0-431c-9e46-4871518cf748","req":{"method":"POST","url":"/api/quote"},"res":{"statusCode":200},"responseTime":17,"msg":"request completed"}
{"level":30,"time":1790824565843,"service":"shop-api","reqId":"d5be255b-5cfa-489f-89e4-3ca8d0d9f0d3","req":{"method":"POST","url":"/api/auth/login"},"res":{"statusCode":200},"responseTime":88,"msg":"request completed"}
{"level":30,"time":1790824571199,"service":"shop-api","reqId":"9de68c84-58db-49cb-bb1a-e03c4d77f52f","req":{"method":"GET","url":"/api/products/7"},"res":{"statusCode":200},"responseTime":4,"msg":"request completed"}
{"level":30,"time":1790824573087,"service":"shop-api","reqId":"63ee5216-f5fb-446b-b877-21e48d9e42be","req":{"method":"GET","url":"/api/orders/794"},"res":{"statusCode":200},"responseTime":8,"msg":"request completed"}
{"level":30,"time":1790824578020,"service":"shop-api","reqId":"fbf46d55-cef8-41d6-aabf-7d8f4a65f0b7","req":{"method":"GET","url":"/api/orders/887"},"res":{"statusCode":200},"responseTime":10,"msg":"request completed"}
{"level":30,"time":1790824579421,"service":"shop-api","reqId":"7adc96ac-8a1b-47f0-b189-fe584cc52c18","req":{"method":"GET","url":"/api/products"},"res":{"statusCode":200},"responseTime":6,"msg":"request completed"}
{"level":30,"time":1790824590726,"service":"shop-api","reqId":"f1b45e35-d9a2-458e-ae8e-da62430034ae","req":{"method":"POST","url":"/api/quote"},"res":{"statusCode":200},"responseTime":44,"msg":"request completed"}
{"level":30,"time":1790824611478,"service":"shop-api","reqId":"09686d8b-0f58-4947-87ee-1d55cd6701aa","req":{"method":"GET","url":"/api/products"},"res":{"statusCode":200},"responseTime":14,"msg":"request completed"}
{"level":30,"time":1790824643646,"service":"shop-api","reqId":"4427e6e0-2956-4a7e-9794-ffe2aab575c1","req":{"method":"POST","url":"/api/orders"},"res":{"statusCode":201},"responseTime":21,"msg":"request completed"}
{"level":30,"time":1790824656521,"service":"shop-api","reqId":"2180bf6e-5281-43d8-a6dc-bf57d59c1ef8","req":{"method":"POST","url":"/api/orders"},"res":{"statusCode":201},"responseTime":40,"msg":"request completed"}
{"level":30,"time":1790824688558,"service":"shop-api","reqId":"9e589ec6-b3d5-45b7-8c88-37ddb98e087e","req":{"method":"PUT","url":"/api/cart/items/4"},"res":{"statusCode":400},"responseTime":13,"msg":"request completed"}
{"level":30,"time":1790824708139,"service":"shop-api","reqId":"09befdbc-861a-4415-be3e-6c6bb10e7283","req":{"method":"POST","url":"/api/quote"},"res":{"statusCode":200},"responseTime":29,"msg":"request completed"}
{"level":30,"time":1790824710779,"service":"shop-api","reqId":"99bfda43-817f-4f92-b13b-9e8318bc375d","req":{"method":"POST","url":"/api/auth/login"},"res":{"statusCode":200},"responseTime":102,"msg":"request completed"}
{"level":30,"time":1790824734894,"service":"shop-api","reqId":"d9966bac-2109-4ebb-bdf1-19ad1ec7424e","req":{"method":"POST","url":"/api/orders"},"res":{"statusCode":201},"responseTime":80,"msg":"request completed"}
{"level":30,"time":1790824744371,"service":"shop-api","reqId":"29c8ce0c-4b61-465b-a00c-477cd0aced1b","req":{"method":"GET","url":"/api/products/8"},"res":{"statusCode":200},"responseTime":8,"msg":"request completed"}
{"level":30,"time":1790824750336,"service":"shop-api","reqId":"e611c632-4bdf-48f2-9295-aa0e0f301bd1","req":{"method":"GET","url":"/api/products"},"res":{"statusCode":200},"responseTime":20,"msg":"request completed"}
{"level":30,"time":1790824805890,"service":"shop-api","reqId":"ddd0f388-84a7-4302-8f41-c63f85d894f6","orderId":786,"amount":33000,"msg":"payment requested"}
{"level":30,"time":1790824805894,"service":"shop-api","reqId":"ddd0f388-84a7-4302-8f41-c63f85d894f6","attempt":1,"gatewayTxId":"GW-DB53B0","msg":"gateway call"}
{"level":30,"time":1790824805929,"service":"shop-api","reqId":"ddd0f388-84a7-4302-8f41-c63f85d894f6","orderId":786,"gatewayTxId":"GW-DB53B0","msg":"payment approved"}
{"level":30,"time":1790824805932,"service":"shop-api","reqId":"ddd0f388-84a7-4302-8f41-c63f85d894f6","req":{"method":"POST","url":"/api/orders/786/pay"},"res":{"statusCode":200},"responseTime":44,"msg":"request completed"}
{"level":30,"time":1790824814178,"service":"shop-api","reqId":"24da337e-1779-4f3c-bcd5-cfd18f57180f","req":{"method":"POST","url":"/api/auth/login"},"res":{"statusCode":200},"responseTime":45,"msg":"request completed"}
{"level":30,"time":1790824820473,"service":"shop-api","reqId":"44fcfdd7-de01-42ce-bdd7-3c7ffcbb64c3","req":{"method":"PUT","url":"/api/cart/items/4"},"res":{"statusCode":200},"responseTime":27,"msg":"request completed"}
{"level":30,"time":1790824823805,"service":"shop-api","reqId":"deae38a2-7c03-49e8-ab43-df622173a0fd","req":{"method":"GET","url":"/api/products"},"res":{"statusCode":200},"responseTime":7,"msg":"request completed"}
{"level":30,"time":1790824859088,"service":"shop-api","reqId":"9edac68c-4bbe-4583-adba-7678a1957395","req":{"method":"PUT","url":"/api/cart/items/12"},"res":{"statusCode":200},"responseTime":29,"msg":"request completed"}
{"level":30,"time":1790824871546,"service":"shop-api","reqId":"cf4c1fe8-824a-4f33-b952-5a9859caa213","req":{"method":"POST","url":"/api/orders"},"res":{"statusCode":201},"responseTime":59,"msg":"request completed"}
{"level":30,"time":1790824872385,"service":"shop-api","reqId":"11ee1bd4-8e28-4978-bed8-de2148f0ddf7","req":{"method":"GET","url":"/api/products"},"res":{"statusCode":200},"responseTime":26,"msg":"request completed"}
{"level":30,"time":1790824890431,"service":"shop-api","reqId":"f2c57e0e-e15c-4f51-ab9a-ce0585d36d27","req":{"method":"GET","url":"/api/products/2"},"res":{"statusCode":200},"responseTime":6,"msg":"request completed"}
{"level":30,"time":1790824904708,"service":"shop-api","reqId":"140faf6a-b26c-49c3-aa60-d9219b5217d3","req":{"method":"GET","url":"/api/products/1"},"res":{"statusCode":200},"responseTime":11,"msg":"request completed"}
{"level":30,"time":1790824906242,"service":"shop-api","reqId":"a77526a5-8d21-48cb-b1e8-c5c147faf4ed","req":{"method":"PUT","url":"/api/cart/items/1"},"res":{"statusCode":200},"responseTime":36,"msg":"request completed"}
{"level":30,"time":1790824934388,"service":"shop-api","reqId":"d9d4fcc5-e4f5-495d-91f3-76e89a5c3b71","req":{"method":"GET","url":"/api/products"},"res":{"statusCode":200},"responseTime":14,"msg":"request completed"}
{"level":30,"time":1790824949656,"service":"shop-api","reqId":"971439ac-8aa1-4130-b758-d1ec3a5cc462","req":{"method":"GET","url":"/api/products"},"res":{"statusCode":200},"responseTime":8,"msg":"request completed"}
{"level":30,"time":1790824988521,"service":"shop-api","reqId":"b3129527-edc8-4d12-ba34-bb5c4420f2d4","req":{"method":"PUT","url":"/api/cart/items/5"},"res":{"statusCode":200},"responseTime":9,"msg":"request completed"}
{"level":30,"time":1790824990191,"service":"shop-api","reqId":"e97b1c2a-8112-4881-a1a1-81f2e86763c4","req":{"method":"PUT","url":"/api/cart/items/10"},"res":{"statusCode":409},"responseTime":22,"msg":"request completed"}
{"level":30,"time":1790824990866,"service":"shop-api","reqId":"f85caaf4-8e25-459b-b333-725c0b1aa29f","orderId":787,"amount":39000,"msg":"payment requested"}
{"level":30,"time":1790824990870,"service":"shop-api","reqId":"f85caaf4-8e25-459b-b333-725c0b1aa29f","attempt":1,"gatewayTxId":"GW-D7394B","msg":"gateway call"}
{"level":30,"time":1790824990905,"service":"shop-api","reqId":"f85caaf4-8e25-459b-b333-725c0b1aa29f","orderId":787,"gatewayTxId":"GW-D7394B","msg":"payment approved"}
{"level":30,"time":1790824990908,"service":"shop-api","reqId":"f85caaf4-8e25-459b-b333-725c0b1aa29f","req":{"method":"POST","url":"/api/orders/787/pay"},"res":{"statusCode":200},"responseTime":44,"msg":"request completed"}
{"level":30,"time":1790825013974,"service":"shop-api","reqId":"ef7f8fe5-8f6e-46c5-817e-d5d4c768bf74","req":{"method":"PUT","url":"/api/cart/items/1"},"res":{"statusCode":200},"responseTime":17,"msg":"request completed"}
{"level":30,"time":1790825026941,"service":"shop-api","reqId":"0d1e5213-c54b-467b-ba92-5983987fe79b","req":{"method":"GET","url":"/api/products/8"},"res":{"statusCode":200},"responseTime":8,"msg":"request completed"}
{"level":30,"time":1790825046929,"service":"shop-api","reqId":"3808086f-be01-4af4-a401-8b0693adc8eb","orderId":788,"amount":66000,"msg":"payment requested"}
{"level":30,"time":1790825046933,"service":"shop-api","reqId":"3808086f-be01-4af4-a401-8b0693adc8eb","attempt":1,"gatewayTxId":"GW-647504","msg":"gateway call"}
{"level":30,"time":1790825046968,"service":"shop-api","reqId":"3808086f-be01-4af4-a401-8b0693adc8eb","orderId":788,"gatewayTxId":"GW-647504","msg":"payment approved"}
{"level":30,"time":1790825046971,"service":"shop-api","reqId":"3808086f-be01-4af4-a401-8b0693adc8eb","req":{"method":"POST","url":"/api/orders/788/pay"},"res":{"statusCode":200},"responseTime":44,"msg":"request completed"}
{"level":30,"time":1790825057914,"service":"shop-api","reqId":"e848598d-1e1e-4204-bf30-881bcaee4d47","req":{"method":"POST","url":"/api/auth/login"},"res":{"statusCode":200},"responseTime":55,"msg":"request completed"}
{"level":30,"time":1790825087204,"service":"shop-api","reqId":"679cb048-dc62-42ef-8e80-a234236e2d51","req":{"method":"GET","url":"/api/products"},"res":{"statusCode":200},"responseTime":24,"msg":"request completed"}
{"level":30,"time":1790825108403,"service":"shop-api","reqId":"08290974-4261-4767-a2f2-77cc97a09c93","req":{"method":"GET","url":"/api/products/7"},"res":{"statusCode":200},"responseTime":13,"msg":"request completed"}
{"level":30,"time":1790825155394,"service":"shop-api","reqId":"7c55c36b-9d03-4b2a-91e9-258700a04dfd","req":{"method":"GET","url":"/api/products/13"},"res":{"statusCode":404},"responseTime":20,"msg":"request completed"}
{"level":30,"time":1790825181177,"service":"shop-api","reqId":"6e6306c4-860b-46e4-9912-f494af29d96e","req":{"method":"POST","url":"/api/orders"},"res":{"statusCode":201},"responseTime":40,"msg":"request completed"}
{"level":30,"time":1790825188415,"service":"shop-api","reqId":"46d6fb8e-2895-4db1-9ede-a5ea33d860b9","req":{"method":"PUT","url":"/api/cart/items/6"},"res":{"statusCode":400},"responseTime":40,"msg":"request completed"}
{"level":30,"time":1790825201129,"service":"shop-api","reqId":"9cd8fdc5-469d-4006-a8a6-3d20886714c9","req":{"method":"GET","url":"/api/products"},"res":{"statusCode":200},"responseTime":29,"msg":"request completed"}
{"level":30,"time":1790825204395,"service":"shop-api","reqId":"c27e7de9-f2bc-4d9c-88ad-eca9e67ba0ea","req":{"method":"GET","url":"/api/products/5"},"res":{"statusCode":200},"responseTime":5,"msg":"request completed"}
{"level":30,"time":1790825216542,"service":"shop-api","reqId":"6267b7ea-550a-451b-8701-ef83f3b9a25c","req":{"method":"GET","url":"/api/products"},"res":{"statusCode":200},"responseTime":20,"msg":"request completed"}
{"level":30,"time":1790825216685,"service":"shop-api","reqId":"a8962e6e-937f-4392-86e7-b31c9f6cd7a3","req":{"method":"GET","url":"/api/products/1"},"res":{"statusCode":200},"responseTime":17,"msg":"request completed"}
{"level":30,"time":1790825225491,"service":"shop-api","reqId":"f5100269-473c-481f-bfff-986240221826","req":{"method":"GET","url":"/api/products/5"},"res":{"statusCode":200},"responseTime":4,"msg":"request completed"}
{"level":30,"time":1790825225704,"service":"shop-api","reqId":"e73487f3-c8ba-44d3-8b7b-4fd4995c2770","req":{"method":"PUT","url":"/api/cart/items/11"},"res":{"statusCode":400},"responseTime":16,"msg":"request completed"}
{"level":30,"time":1790825227244,"service":"shop-api","reqId":"a82c9dcc-8b89-4fe1-95a9-dabb78525c04","req":{"method":"PUT","url":"/api/cart/items/10"},"res":{"statusCode":400},"responseTime":31,"msg":"request completed"}
{"level":30,"time":1790825231556,"service":"shop-api","reqId":"ed941c54-a3fc-45c2-a277-648b54b0611d","req":{"method":"PUT","url":"/api/cart/items/4"},"res":{"statusCode":200},"responseTime":12,"msg":"request completed"}
{"level":30,"time":1790825236514,"service":"shop-api","reqId":"8a6071d6-3395-48fd-9738-40dd4b6726f1","req":{"method":"GET","url":"/api/products/9"},"res":{"statusCode":200},"responseTime":12,"msg":"request completed"}
{"level":30,"time":1790825238789,"service":"shop-api","reqId":"7cd61e95-d361-4ccc-9e55-5aa5b33df492","req":{"method":"GET","url":"/api/products"},"res":{"statusCode":200},"responseTime":10,"msg":"request completed"}
{"level":30,"time":1790825241209,"service":"shop-api","reqId":"339f86bf-5de7-486c-8fde-b88451e20f14","orderId":789,"amount":89000,"msg":"payment requested"}
{"level":30,"time":1790825241213,"service":"shop-api","reqId":"339f86bf-5de7-486c-8fde-b88451e20f14","attempt":1,"gatewayTxId":"GW-500180","msg":"gateway call"}
{"level":30,"time":1790825241248,"service":"shop-api","reqId":"339f86bf-5de7-486c-8fde-b88451e20f14","orderId":789,"gatewayTxId":"GW-500180","msg":"payment approved"}
{"level":30,"time":1790825241251,"service":"shop-api","reqId":"339f86bf-5de7-486c-8fde-b88451e20f14","req":{"method":"POST","url":"/api/orders/789/pay"},"res":{"statusCode":200},"responseTime":44,"msg":"request completed"}
{"level":30,"time":1790825254239,"service":"shop-api","reqId":"68af4e1c-5ee0-4f0f-9254-4d634ae78c5a","req":{"method":"POST","url":"/api/orders"},"res":{"statusCode":201},"responseTime":81,"msg":"request completed"}
{"level":30,"time":1790825262426,"service":"shop-api","reqId":"823449eb-3bb7-469c-a8ff-aa9bd8b9e6cf","req":{"method":"POST","url":"/api/orders"},"res":{"statusCode":201},"responseTime":63,"msg":"request completed"}
{"level":30,"time":1790825280896,"service":"shop-api","reqId":"7ee6c86f-d567-4b84-9072-d79633dcb6ab","req":{"method":"POST","url":"/api/quote"},"res":{"statusCode":200},"responseTime":18,"msg":"request completed"}
{"level":30,"time":1790825298799,"service":"shop-api","reqId":"bf5a0573-31d7-45e1-8ebc-0e8759c91ee9","req":{"method":"POST","url":"/api/quote"},"res":{"statusCode":200},"responseTime":44,"msg":"request completed"}
{"level":30,"time":1790825302952,"service":"shop-api","reqId":"d703c78a-9886-4a0d-a600-bec04684e66c","req":{"method":"PUT","url":"/api/cart/items/7"},"res":{"statusCode":200},"responseTime":23,"msg":"request completed"}
{"level":30,"time":1790825304084,"service":"shop-api","reqId":"2cce4562-3437-4c7f-91d9-e97cf67cb621","req":{"method":"GET","url":"/api/products"},"res":{"statusCode":200},"responseTime":22,"msg":"request completed"}
{"level":30,"time":1790825310652,"service":"shop-api","reqId":"25fb3130-35d5-419c-bf33-bb3a3a986f0a","req":{"method":"GET","url":"/api/products/8"},"res":{"statusCode":200},"responseTime":9,"msg":"request completed"}
{"level":30,"time":1790825356785,"service":"shop-api","reqId":"472f780c-4341-422d-a330-ba30a0b08abe","req":{"method":"GET","url":"/api/products"},"res":{"statusCode":200},"responseTime":18,"msg":"request completed"}
{"level":30,"time":1790825360235,"service":"shop-api","reqId":"ea56b1c8-ecfe-41da-906b-90b90f5da642","req":{"method":"POST","url":"/api/auth/login"},"res":{"statusCode":200},"responseTime":62,"msg":"request completed"}
{"level":30,"time":1790825377017,"service":"shop-api","reqId":"e87c797b-d2d4-4141-b4af-d3c9b78fef1f","req":{"method":"GET","url":"/api/products/10"},"res":{"statusCode":200},"responseTime":16,"msg":"request completed"}
{"level":30,"time":1790825378925,"service":"shop-api","reqId":"2e01f964-516a-4b47-8548-9466ef60a1bb","req":{"method":"POST","url":"/api/orders"},"res":{"statusCode":201},"responseTime":67,"msg":"request completed"}
{"level":30,"time":1790825383233,"service":"shop-api","reqId":"5969b587-3fe8-4ff0-9e6d-658e479ad033","req":{"method":"GET","url":"/api/products"},"res":{"statusCode":200},"responseTime":6,"msg":"request completed"}
{"level":30,"time":1790825392182,"service":"shop-api","reqId":"cfcd6645-8653-47ca-9835-39115fe39d77","req":{"method":"GET","url":"/api/products"},"res":{"statusCode":200},"responseTime":33,"msg":"request completed"}
{"level":30,"time":1790825400487,"service":"shop-api","reqId":"6b9e8589-cd67-4e84-bbd4-44ce1f6f0aad","req":{"method":"GET","url":"/api/products"},"res":{"statusCode":200},"responseTime":10,"msg":"request completed"}
{"level":30,"time":1790825404776,"service":"shop-api","reqId":"1c5a5277-6e78-4dbb-ab77-541e69472db4","req":{"method":"GET","url":"/api/products/1"},"res":{"statusCode":200},"responseTime":9,"msg":"request completed"}
{"level":30,"time":1790825407019,"service":"shop-api","reqId":"554b2a5b-b6c4-4431-9505-a550b8be9448","req":{"method":"POST","url":"/api/orders"},"res":{"statusCode":201},"responseTime":21,"msg":"request completed"}
{"level":30,"time":1790825408438,"service":"shop-api","reqId":"0560c860-b735-4092-9396-7a6ec7ee7e84","req":{"method":"POST","url":"/api/quote"},"res":{"statusCode":200},"responseTime":15,"msg":"request completed"}
{"level":30,"time":1790825426999,"service":"shop-api","reqId":"90f2d978-b644-42ab-8300-6e54c9b456d0","req":{"method":"GET","url":"/api/products/13"},"res":{"statusCode":404},"responseTime":13,"msg":"request completed"}
{"level":30,"time":1790825452010,"service":"shop-api","reqId":"701d141a-45c8-4290-a5b1-6cc3a256e11c","req":{"method":"GET","url":"/api/products/3"},"res":{"statusCode":200},"responseTime":7,"msg":"request completed"}
{"level":30,"time":1790825458816,"service":"shop-api","reqId":"aca9e081-8843-4b83-b90d-518802eb4706","req":{"method":"GET","url":"/api/products"},"res":{"statusCode":200},"responseTime":11,"msg":"request completed"}
{"level":30,"time":1790825459428,"service":"shop-api","reqId":"f3cfaf4f-c3a9-415b-8bd8-35213c8842da","orderId":790,"amount":43000,"msg":"payment requested"}
{"level":30,"time":1790825459432,"service":"shop-api","reqId":"f3cfaf4f-c3a9-415b-8bd8-35213c8842da","attempt":1,"gatewayTxId":"GW-18447E","msg":"gateway call"}
{"level":30,"time":1790825459467,"service":"shop-api","reqId":"f3cfaf4f-c3a9-415b-8bd8-35213c8842da","orderId":790,"gatewayTxId":"GW-18447E","msg":"payment approved"}
{"level":30,"time":1790825459470,"service":"shop-api","reqId":"f3cfaf4f-c3a9-415b-8bd8-35213c8842da","req":{"method":"POST","url":"/api/orders/790/pay"},"res":{"statusCode":200},"responseTime":44,"msg":"request completed"}
{"level":30,"time":1790825476812,"service":"shop-api","reqId":"7c3ecc33-8e90-4498-936b-64316fc74a57","req":{"method":"POST","url":"/api/auth/login"},"res":{"statusCode":200},"responseTime":97,"msg":"request completed"}
{"level":30,"time":1790825490095,"service":"shop-api","reqId":"f9949abb-2cee-4030-9cb3-fb17ffdb25b7","req":{"method":"POST","url":"/api/quote"},"res":{"statusCode":200},"responseTime":42,"msg":"request completed"}
{"level":30,"time":1790825505672,"service":"shop-api","reqId":"c6e5dc30-a802-473d-977d-f26efd619fb9","req":{"method":"GET","url":"/api/products"},"res":{"statusCode":200},"responseTime":14,"msg":"request completed"}
{"level":30,"time":1790825542581,"service":"shop-api","reqId":"2b3c6f5c-fa7a-417a-b6db-4dc28e197dec","req":{"method":"POST","url":"/api/quote"},"res":{"statusCode":200},"responseTime":39,"msg":"request completed"}
{"level":30,"time":1790825546029,"service":"shop-api","reqId":"6d352a7b-1802-4c36-900b-2418f121f92b","req":{"method":"POST","url":"/api/quote"},"res":{"statusCode":422},"responseTime":36,"msg":"request completed"}
{"level":30,"time":1790825592360,"service":"shop-api","reqId":"08909dfd-3cab-409e-9e37-c341c04e4f58","req":{"method":"GET","url":"/api/products"},"res":{"statusCode":200},"responseTime":35,"msg":"request completed"}
{"level":30,"time":1790825604350,"service":"shop-api","reqId":"605d60c0-e51b-4cf0-a483-a818b22ff596","req":{"method":"GET","url":"/api/products/5"},"res":{"statusCode":200},"responseTime":17,"msg":"request completed"}
{"level":30,"time":1790825610232,"service":"shop-api","reqId":"ed08ce30-e851-427d-9d53-3b68a1f3c896","req":{"method":"GET","url":"/api/products"},"res":{"statusCode":200},"responseTime":29,"msg":"request completed"}
{"level":30,"time":1790825611182,"service":"shop-api","reqId":"2242fdf6-cc16-4a0c-8e2e-27415df93437","req":{"method":"GET","url":"/api/products"},"res":{"statusCode":200},"responseTime":24,"msg":"request completed"}
{"level":30,"time":1790825644037,"service":"shop-api","reqId":"557d8643-0b08-418d-a46c-46163c624af8","req":{"method":"GET","url":"/api/products"},"res":{"statusCode":200},"responseTime":20,"msg":"request completed"}
{"level":30,"time":1790825665860,"service":"shop-api","reqId":"f444b923-0489-434d-a571-e0b58f261716","req":{"method":"POST","url":"/api/auth/login"},"res":{"statusCode":200},"responseTime":63,"msg":"request completed"}
{"level":30,"time":1790825688489,"service":"shop-api","reqId":"624718f8-13ea-4dad-90e6-7fc3a9ddb039","req":{"method":"GET","url":"/api/orders/825"},"res":{"statusCode":200},"responseTime":17,"msg":"request completed"}
{"level":30,"time":1790825703897,"service":"shop-api","reqId":"8520602d-0326-49a2-b930-8de6c593e6cf","req":{"method":"GET","url":"/api/products"},"res":{"statusCode":200},"responseTime":12,"msg":"request completed"}
{"level":30,"time":1790825704836,"service":"shop-api","reqId":"0083a029-5052-46d0-9d55-24397170659f","req":{"method":"GET","url":"/api/products"},"res":{"statusCode":200},"responseTime":7,"msg":"request completed"}
{"level":30,"time":1790825728161,"service":"shop-api","reqId":"02f73015-150a-46c2-a9dd-a6b545766473","req":{"method":"PUT","url":"/api/cart/items/5"},"res":{"statusCode":200},"responseTime":21,"msg":"request completed"}
{"level":30,"time":1790825743607,"service":"shop-api","reqId":"807e47d6-8553-4349-9af3-c50e2716d451","req":{"method":"PUT","url":"/api/cart/items/8"},"res":{"statusCode":400},"responseTime":12,"msg":"request completed"}
{"level":30,"time":1790825744376,"service":"shop-api","reqId":"77be1381-2704-4ffe-8d49-7644072604d0","req":{"method":"GET","url":"/api/products/13"},"res":{"statusCode":404},"responseTime":6,"msg":"request completed"}
{"level":30,"time":1790825757025,"service":"shop-api","reqId":"961c1219-b507-409c-9aa0-d1174f2c0c19","req":{"method":"POST","url":"/api/orders"},"res":{"statusCode":201},"responseTime":79,"msg":"request completed"}
{"level":30,"time":1790825770633,"service":"shop-api","reqId":"c2d28456-2d28-47b0-b50b-5a2de300731c","req":{"method":"POST","url":"/api/auth/login"},"res":{"statusCode":200},"responseTime":67,"msg":"request completed"}
{"level":30,"time":1790825772307,"service":"shop-api","reqId":"c06c7f81-29df-48f9-9a59-db134120ac66","req":{"method":"PUT","url":"/api/cart/items/10"},"res":{"statusCode":200},"responseTime":13,"msg":"request completed"}
{"level":30,"time":1790825805212,"service":"shop-api","reqId":"14557e05-42ba-4ada-89f8-50610fac4396","orderId":791,"amount":62000,"msg":"payment requested"}
{"level":30,"time":1790825805216,"service":"shop-api","reqId":"14557e05-42ba-4ada-89f8-50610fac4396","attempt":1,"gatewayTxId":"GW-9B4387","msg":"gateway call"}
{"level":30,"time":1790825805251,"service":"shop-api","reqId":"14557e05-42ba-4ada-89f8-50610fac4396","orderId":791,"gatewayTxId":"GW-9B4387","msg":"payment approved"}
{"level":30,"time":1790825805254,"service":"shop-api","reqId":"14557e05-42ba-4ada-89f8-50610fac4396","req":{"method":"POST","url":"/api/orders/791/pay"},"res":{"statusCode":200},"responseTime":44,"msg":"request completed"}
{"level":30,"time":1790825808486,"service":"shop-api","reqId":"738b8711-e087-4263-b084-f40beeb29f72","req":{"method":"GET","url":"/api/products/12"},"res":{"statusCode":200},"responseTime":15,"msg":"request completed"}
{"level":30,"time":1790825816471,"service":"shop-api","reqId":"ec9b73cf-85ff-45d6-885c-4a566dd93461","req":{"method":"GET","url":"/api/products"},"res":{"statusCode":200},"responseTime":18,"msg":"request completed"}
{"level":30,"time":1790825820966,"service":"shop-api","reqId":"fc2072fb-cc56-44cf-803a-4e64d91ccd98","req":{"method":"GET","url":"/api/products/1"},"res":{"statusCode":200},"responseTime":17,"msg":"request completed"}
{"level":30,"time":1790825840678,"service":"shop-api","reqId":"1d4f4831-0ec3-4082-93e9-7cec5408f2e1","req":{"method":"POST","url":"/api/quote"},"res":{"statusCode":200},"responseTime":28,"msg":"request completed"}
{"level":30,"time":1790825863443,"service":"shop-api","reqId":"3082243f-b1f1-473d-95ff-59496dd763fc","req":{"method":"PUT","url":"/api/cart/items/4"},"res":{"statusCode":200},"responseTime":17,"msg":"request completed"}
{"level":30,"time":1790825869956,"service":"shop-api","reqId":"7d401e87-f89a-46b8-8fc4-0ae794d7b693","req":{"method":"POST","url":"/api/orders"},"res":{"statusCode":201},"responseTime":22,"msg":"request completed"}
{"level":30,"time":1790825875263,"service":"shop-api","reqId":"8457288d-b309-45d7-960c-272419c36727","req":{"method":"PUT","url":"/api/cart/items/2"},"res":{"statusCode":400},"responseTime":27,"msg":"request completed"}
{"level":30,"time":1790825893845,"service":"shop-api","reqId":"af7469a7-dab4-4d2f-8aec-235d723f4a5d","req":{"method":"POST","url":"/api/quote"},"res":{"statusCode":200},"responseTime":41,"msg":"request completed"}
{"level":30,"time":1790825900390,"service":"shop-api","reqId":"1c045474-836d-45ba-b692-daacd7f79c2b","req":{"method":"GET","url":"/api/products/7"},"res":{"statusCode":200},"responseTime":17,"msg":"request completed"}
{"level":30,"time":1790825961947,"service":"shop-api","reqId":"4e14d935-8610-41d7-a6ae-4ed1b7709b28","req":{"method":"GET","url":"/api/products"},"res":{"statusCode":200},"responseTime":30,"msg":"request completed"}
{"level":30,"time":1790825968386,"service":"shop-api","reqId":"4473fc6b-f881-4676-adce-56d1c1e01a18","req":{"method":"GET","url":"/api/orders/816"},"res":{"statusCode":404},"responseTime":24,"msg":"request completed"}
{"level":30,"time":1790825984487,"service":"shop-api","reqId":"5548d430-10ac-4fcf-a620-de64b2499f33","orderId":792,"amount":64000,"msg":"payment requested"}
{"level":30,"time":1790825984491,"service":"shop-api","reqId":"5548d430-10ac-4fcf-a620-de64b2499f33","attempt":1,"gatewayTxId":"GW-8F0358","msg":"gateway call"}
{"level":30,"time":1790825984526,"service":"shop-api","reqId":"5548d430-10ac-4fcf-a620-de64b2499f33","orderId":792,"gatewayTxId":"GW-8F0358","msg":"payment approved"}
{"level":30,"time":1790825984529,"service":"shop-api","reqId":"5548d430-10ac-4fcf-a620-de64b2499f33","req":{"method":"POST","url":"/api/orders/792/pay"},"res":{"statusCode":200},"responseTime":44,"msg":"request completed"}
{"level":30,"time":1790825999028,"service":"shop-api","reqId":"1c3d011b-706d-4327-aafa-d8ea06bd2b2a","req":{"method":"PUT","url":"/api/cart/items/4"},"res":{"statusCode":200},"responseTime":9,"msg":"request completed"}
{"level":30,"time":1790826001952,"service":"shop-api","reqId":"8c09500d-506e-4edc-ad2c-0dcc761ef937","req":{"method":"GET","url":"/api/products/13"},"res":{"statusCode":404},"responseTime":6,"msg":"request completed"}
{"level":30,"time":1790826003113,"service":"shop-api","reqId":"1ceb0200-71d9-4bc5-8661-67828acd1e3e","req":{"method":"POST","url":"/api/auth/login"},"res":{"statusCode":200},"responseTime":74,"msg":"request completed"}
{"level":30,"time":1790826004176,"service":"shop-api","reqId":"f9f1173f-c0b7-4a04-9504-b23b9a7f5998","req":{"method":"PUT","url":"/api/cart/items/2"},"res":{"statusCode":200},"responseTime":35,"msg":"request completed"}
{"level":30,"time":1790826030832,"service":"shop-api","reqId":"8028541b-477d-45de-9a91-02d523187ac7","req":{"method":"PUT","url":"/api/cart/items/11"},"res":{"statusCode":200},"responseTime":17,"msg":"request completed"}
{"level":30,"time":1790826079570,"service":"shop-api","reqId":"c043f326-700d-4ed3-a3ad-067d95da5b52","req":{"method":"GET","url":"/api/products"},"res":{"statusCode":200},"responseTime":18,"msg":"request completed"}
{"level":30,"time":1790826081083,"service":"shop-api","reqId":"559a8a8c-8c5e-46f5-b480-bd6bb16f94b5","req":{"method":"PUT","url":"/api/cart/items/7"},"res":{"statusCode":200},"responseTime":24,"msg":"request completed"}
{"level":30,"time":1790826107615,"service":"shop-api","reqId":"8a112c92-48ef-4bbd-83d2-4826f63252fe","req":{"method":"GET","url":"/api/products/8"},"res":{"statusCode":200},"responseTime":14,"msg":"request completed"}
{"level":30,"time":1790826127377,"service":"shop-api","reqId":"641aad9b-d06b-48b9-89be-4d5e0faff78c","req":{"method":"GET","url":"/api/products"},"res":{"statusCode":200},"responseTime":22,"msg":"request completed"}
{"level":30,"time":1790826152159,"service":"shop-api","reqId":"e9eac8e4-e132-4917-b1c8-dcc256dcf34c","req":{"method":"GET","url":"/api/orders/880"},"res":{"statusCode":200},"responseTime":14,"msg":"request completed"}
{"level":30,"time":1790826163384,"service":"shop-api","reqId":"e3d09643-e295-4a75-9108-3ec73b7c4f6e","req":{"method":"POST","url":"/api/quote"},"res":{"statusCode":200},"responseTime":17,"msg":"request completed"}
{"level":30,"time":1790826186464,"service":"shop-api","reqId":"4f97fcf5-c921-4c63-b557-984e0a312a32","req":{"method":"GET","url":"/api/products"},"res":{"statusCode":200},"responseTime":25,"msg":"request completed"}
{"level":30,"time":1790826187097,"service":"shop-api","reqId":"70a8fc15-6945-48d3-aca1-963e120f5eb7","req":{"method":"GET","url":"/api/products"},"res":{"statusCode":200},"responseTime":26,"msg":"request completed"}
{"level":30,"time":1790826205590,"service":"shop-api","reqId":"4611f203-6bd3-4979-b00a-c5402c3b23ac","req":{"method":"GET","url":"/api/products"},"res":{"statusCode":200},"responseTime":29,"msg":"request completed"}
{"level":30,"time":1790826216923,"service":"shop-api","reqId":"80855e20-c9a4-4259-846d-bb09e2a737cf","req":{"method":"POST","url":"/api/orders"},"res":{"statusCode":201},"responseTime":53,"msg":"request completed"}
{"level":30,"time":1790826217155,"service":"shop-api","reqId":"20d145b4-a354-48fa-b164-10226c38e91f","req":{"method":"GET","url":"/api/products"},"res":{"statusCode":200},"responseTime":7,"msg":"request completed"}
{"level":30,"time":1790826226605,"service":"shop-api","reqId":"bbde0f5f-a1ca-44db-9ed6-21a48c26930d","req":{"method":"GET","url":"/api/products"},"res":{"statusCode":200},"responseTime":6,"msg":"request completed"}
{"level":30,"time":1790826239542,"service":"shop-api","reqId":"e980b0de-d7d5-4ecc-a885-3029297ce346","req":{"method":"GET","url":"/api/products"},"res":{"statusCode":200},"responseTime":26,"msg":"request completed"}
{"level":30,"time":1790826241146,"service":"shop-api","reqId":"18dfd61e-7c87-4d5e-b3e6-44c9041b56d6","req":{"method":"GET","url":"/api/products/10"},"res":{"statusCode":200},"responseTime":18,"msg":"request completed"}
{"level":30,"time":1790826243693,"service":"shop-api","reqId":"41776641-e50f-4d90-8f99-cf62ad5ec418","req":{"method":"GET","url":"/api/products"},"res":{"statusCode":200},"responseTime":13,"msg":"request completed"}
{"level":30,"time":1790826253958,"service":"shop-api","reqId":"7db93767-fc54-4ea6-9ace-21d2f12541f6","req":{"method":"PUT","url":"/api/cart/items/6"},"res":{"statusCode":200},"responseTime":30,"msg":"request completed"}
{"level":30,"time":1790826258215,"service":"shop-api","reqId":"ed043380-8473-4198-9472-3ed5a4c6c878","req":{"method":"GET","url":"/api/products"},"res":{"statusCode":200},"responseTime":23,"msg":"request completed"}
{"level":30,"time":1790826265720,"service":"shop-api","reqId":"2502f19d-8801-44ca-85e5-dd88bee0356a","req":{"method":"POST","url":"/api/auth/login"},"res":{"statusCode":200},"responseTime":40,"msg":"request completed"}
{"level":30,"time":1790826283805,"service":"shop-api","reqId":"c8ea1cd0-cf9c-4918-8885-69074ef3cf7d","orderId":793,"amount":93000,"msg":"payment requested"}
{"level":30,"time":1790826283809,"service":"shop-api","reqId":"c8ea1cd0-cf9c-4918-8885-69074ef3cf7d","attempt":1,"gatewayTxId":"GW-ED0148","msg":"gateway call"}
{"level":30,"time":1790826283844,"service":"shop-api","reqId":"c8ea1cd0-cf9c-4918-8885-69074ef3cf7d","orderId":793,"gatewayTxId":"GW-ED0148","msg":"payment approved"}
{"level":30,"time":1790826283847,"service":"shop-api","reqId":"c8ea1cd0-cf9c-4918-8885-69074ef3cf7d","req":{"method":"POST","url":"/api/orders/793/pay"},"res":{"statusCode":200},"responseTime":44,"msg":"request completed"}
{"level":30,"time":1790826296183,"service":"shop-api","reqId":"b1a0a5e4-a58d-477e-9c7a-9d4d42c26579","req":{"method":"GET","url":"/api/products"},"res":{"statusCode":200},"responseTime":35,"msg":"request completed"}
{"level":30,"time":1790826312729,"service":"shop-api","reqId":"57544bdf-b6cc-4b33-ba0a-9fdf744c69c0","orderId":794,"amount":84000,"msg":"payment requested"}
{"level":30,"time":1790826312733,"service":"shop-api","reqId":"57544bdf-b6cc-4b33-ba0a-9fdf744c69c0","attempt":1,"gatewayTxId":"GW-CEA9A2","msg":"gateway call"}
{"level":30,"time":1790826312768,"service":"shop-api","reqId":"57544bdf-b6cc-4b33-ba0a-9fdf744c69c0","orderId":794,"gatewayTxId":"GW-CEA9A2","msg":"payment approved"}
{"level":30,"time":1790826312771,"service":"shop-api","reqId":"57544bdf-b6cc-4b33-ba0a-9fdf744c69c0","req":{"method":"POST","url":"/api/orders/794/pay"},"res":{"statusCode":200},"responseTime":44,"msg":"request completed"}
{"level":30,"time":1790826342655,"service":"shop-api","reqId":"6a7da3a4-37e8-49d5-8294-01c6262c8094","req":{"method":"POST","url":"/api/quote"},"res":{"statusCode":200},"responseTime":34,"msg":"request completed"}
{"level":30,"time":1790826348921,"service":"shop-api","reqId":"02bbbb57-1100-43cd-8690-c6331892bcf4","req":{"method":"POST","url":"/api/orders"},"res":{"statusCode":201},"responseTime":46,"msg":"request completed"}
{"level":30,"time":1790826370121,"service":"shop-api","reqId":"91bf596c-0f94-41e0-847c-5c5c46fe1636","req":{"method":"GET","url":"/api/products"},"res":{"statusCode":200},"responseTime":19,"msg":"request completed"}
{"level":30,"time":1790826371290,"service":"shop-api","reqId":"c8b592cd-22de-4a4e-8f4c-d57a69c293ca","req":{"method":"GET","url":"/api/products/3"},"res":{"statusCode":200},"responseTime":9,"msg":"request completed"}
{"level":30,"time":1790826383439,"service":"shop-api","reqId":"550d76b6-0286-4f74-95a7-a6079b2b90b3","req":{"method":"GET","url":"/api/products/3"},"res":{"statusCode":200},"responseTime":18,"msg":"request completed"}
{"level":30,"time":1790826398866,"service":"shop-api","reqId":"281de447-108b-41f2-89d1-21713a6ee862","req":{"method":"GET","url":"/api/products/12"},"res":{"statusCode":200},"responseTime":18,"msg":"request completed"}
{"level":30,"time":1790826407624,"service":"shop-api","reqId":"2202430d-fd1e-44ea-9fda-4f117573da36","req":{"method":"POST","url":"/api/quote"},"res":{"statusCode":200},"responseTime":22,"msg":"request completed"}
{"level":30,"time":1790826424003,"service":"shop-api","reqId":"ce70329b-b1c2-4c97-a1cc-f1b372afceca","req":{"method":"GET","url":"/api/products"},"res":{"statusCode":200},"responseTime":28,"msg":"request completed"}
{"level":30,"time":1790826431260,"service":"shop-api","reqId":"1d12b6a1-b77d-4942-b797-e6cd007d7a33","req":{"method":"POST","url":"/api/auth/login"},"res":{"statusCode":200},"responseTime":54,"msg":"request completed"}
{"level":30,"time":1790826436781,"service":"shop-api","reqId":"1a29d22b-ef0b-41f7-917c-4c9d545d9335","req":{"method":"POST","url":"/api/auth/login"},"res":{"statusCode":200},"responseTime":60,"msg":"request completed"}
{"level":30,"time":1790826458517,"service":"shop-api","reqId":"ae75b07f-128c-42d4-94eb-aafe0efa6cf5","req":{"method":"GET","url":"/api/products"},"res":{"statusCode":200},"responseTime":34,"msg":"request completed"}
{"level":30,"time":1790826472109,"service":"shop-api","reqId":"ed0d20d3-2036-433e-a354-bb8af619affb","req":{"method":"GET","url":"/api/products"},"res":{"statusCode":200},"responseTime":30,"msg":"request completed"}
{"level":30,"time":1790826477565,"service":"shop-api","reqId":"2651772f-9a7c-4844-b66b-be9660f09d69","req":{"method":"GET","url":"/api/products"},"res":{"statusCode":200},"responseTime":15,"msg":"request completed"}
{"level":30,"time":1790826486648,"service":"shop-api","reqId":"7630e2b9-ac62-4f39-b5de-669196ddb901","req":{"method":"GET","url":"/api/products"},"res":{"statusCode":200},"responseTime":13,"msg":"request completed"}
{"level":30,"time":1790826492706,"service":"shop-api","reqId":"5fb06186-a9df-4b03-9eaf-e9a65fab57f6","req":{"method":"GET","url":"/api/products"},"res":{"statusCode":200},"responseTime":19,"msg":"request completed"}
{"level":30,"time":1790826519374,"service":"shop-api","reqId":"b545b681-027a-48ec-88e4-27b56f075c4e","req":{"method":"GET","url":"/api/products/9"},"res":{"statusCode":200},"responseTime":7,"msg":"request completed"}
{"level":30,"time":1790826524961,"service":"shop-api","reqId":"c7bcda89-af7f-4180-ac77-2226d4020edf","req":{"method":"GET","url":"/api/products"},"res":{"statusCode":200},"responseTime":21,"msg":"request completed"}
{"level":30,"time":1790826531065,"service":"shop-api","reqId":"e52b0df4-8c78-4688-b14c-a8e9105bca22","req":{"method":"GET","url":"/api/products"},"res":{"statusCode":200},"responseTime":23,"msg":"request completed"}
{"level":30,"time":1790826535556,"service":"shop-api","reqId":"0bb855b9-1f1a-4cac-8c4b-6023205b0960","req":{"method":"PUT","url":"/api/cart/items/7"},"res":{"statusCode":200},"responseTime":27,"msg":"request completed"}
{"level":30,"time":1790826535931,"service":"shop-api","reqId":"1cef46eb-eb69-4638-af54-795770d10edb","req":{"method":"GET","url":"/api/products/11"},"res":{"statusCode":200},"responseTime":5,"msg":"request completed"}
{"level":30,"time":1790826542016,"service":"shop-api","reqId":"5ad676a3-2b3f-4545-bfe7-e43d44a755de","req":{"method":"GET","url":"/api/products/12"},"res":{"statusCode":200},"responseTime":11,"msg":"request completed"}
{"level":30,"time":1790826562887,"service":"shop-api","reqId":"42006b06-f415-4e28-9099-b0589dfd78c1","req":{"method":"POST","url":"/api/quote"},"res":{"statusCode":200},"responseTime":45,"msg":"request completed"}
{"level":30,"time":1790826565244,"service":"shop-api","reqId":"4509ed8f-31b2-420a-859b-3f2713084cb3","orderId":795,"amount":16000,"msg":"payment requested"}
{"level":30,"time":1790826565248,"service":"shop-api","reqId":"4509ed8f-31b2-420a-859b-3f2713084cb3","attempt":1,"gatewayTxId":"GW-8222AD","msg":"gateway call"}
{"level":30,"time":1790826565283,"service":"shop-api","reqId":"4509ed8f-31b2-420a-859b-3f2713084cb3","orderId":795,"gatewayTxId":"GW-8222AD","msg":"payment approved"}
{"level":30,"time":1790826565286,"service":"shop-api","reqId":"4509ed8f-31b2-420a-859b-3f2713084cb3","req":{"method":"POST","url":"/api/orders/795/pay"},"res":{"statusCode":200},"responseTime":44,"msg":"request completed"}
{"level":30,"time":1790826566634,"service":"shop-api","reqId":"aaa66865-25ec-4157-aac8-a077007301d0","req":{"method":"GET","url":"/api/products"},"res":{"statusCode":200},"responseTime":28,"msg":"request completed"}
{"level":30,"time":1790826591402,"service":"shop-api","reqId":"39ace323-005b-4f12-94cd-33ba7424aa73","req":{"method":"GET","url":"/api/products"},"res":{"statusCode":200},"responseTime":22,"msg":"request completed"}
{"level":30,"time":1790826616904,"service":"shop-api","reqId":"4520cd96-b269-4b7d-8e8f-786d5479081e","req":{"method":"GET","url":"/api/orders/822"},"res":{"statusCode":200},"responseTime":11,"msg":"request completed"}
{"level":30,"time":1790826628020,"service":"shop-api","reqId":"e338dcdf-7ad1-4b02-b41c-316033c8421a","req":{"method":"POST","url":"/api/quote"},"res":{"statusCode":422},"responseTime":20,"msg":"request completed"}
{"level":30,"time":1790826644597,"service":"shop-api","reqId":"b39de2dc-5925-4761-82f1-0037b2be7fbf","req":{"method":"GET","url":"/api/products"},"res":{"statusCode":200},"responseTime":31,"msg":"request completed"}
{"level":30,"time":1790826667853,"service":"shop-api","reqId":"93dec629-6b16-443c-b285-274bfa2fe60d","req":{"method":"GET","url":"/api/products/12"},"res":{"statusCode":200},"responseTime":18,"msg":"request completed"}
{"level":30,"time":1790826673366,"service":"shop-api","reqId":"e520fb8f-fac5-4cb7-9aad-f7500a58c207","req":{"method":"GET","url":"/api/products"},"res":{"statusCode":200},"responseTime":33,"msg":"request completed"}
{"level":30,"time":1790826685366,"service":"shop-api","reqId":"5ca4937e-3662-40e7-b42b-742067dc4e87","req":{"method":"POST","url":"/api/orders"},"res":{"statusCode":201},"responseTime":47,"msg":"request completed"}
{"level":30,"time":1790826688378,"service":"shop-api","reqId":"ede4461f-3b2f-493d-9f55-47e7f0fb7fc5","req":{"method":"POST","url":"/api/auth/login"},"res":{"statusCode":200},"responseTime":62,"msg":"request completed"}
{"level":30,"time":1790826707061,"service":"shop-api","reqId":"adf115e9-8084-4d4c-8583-89b9030c03fe","req":{"method":"GET","url":"/api/products/13"},"res":{"statusCode":404},"responseTime":4,"msg":"request completed"}
{"level":30,"time":1790826713008,"service":"shop-api","reqId":"b5dabc7a-4150-4b99-a1cb-bc061d35dc51","req":{"method":"PUT","url":"/api/cart/items/2"},"res":{"statusCode":400},"responseTime":16,"msg":"request completed"}
{"level":30,"time":1790826720627,"service":"shop-api","reqId":"206a4c1f-eaa2-4aca-95db-5e21d1cee517","req":{"method":"GET","url":"/api/products"},"res":{"statusCode":200},"responseTime":28,"msg":"request completed"}
{"level":30,"time":1790826721645,"service":"shop-api","reqId":"866e0557-b9b6-4d72-9b52-61bec9f7c1ec","req":{"method":"GET","url":"/api/products/1"},"res":{"statusCode":200},"responseTime":18,"msg":"request completed"}
{"level":30,"time":1790826726166,"service":"shop-api","reqId":"a55d60f4-ec5f-4591-a2a9-7c014efed22e","req":{"method":"PUT","url":"/api/cart/items/7"},"res":{"statusCode":409},"responseTime":29,"msg":"request completed"}
{"level":30,"time":1790826727990,"service":"shop-api","reqId":"99fdb72c-cefe-4e15-b5e3-a1ed25bf33fc","req":{"method":"POST","url":"/api/quote"},"res":{"statusCode":200},"responseTime":27,"msg":"request completed"}
{"level":30,"time":1790826734254,"service":"shop-api","reqId":"c7aeae53-d927-44a6-9aa6-1ece49978a56","req":{"method":"POST","url":"/api/auth/login"},"res":{"statusCode":200},"responseTime":109,"msg":"request completed"}
{"level":30,"time":1790826749923,"service":"shop-api","reqId":"d4bef8ac-7b51-4a2e-994b-4d3b9ac2df14","req":{"method":"GET","url":"/api/products"},"res":{"statusCode":200},"responseTime":33,"msg":"request completed"}
{"level":30,"time":1790826759433,"service":"shop-api","reqId":"f23da02a-45b1-4747-9491-dde9e65e042f","req":{"method":"PUT","url":"/api/cart/items/5"},"res":{"statusCode":200},"responseTime":20,"msg":"request completed"}
{"level":30,"time":1790826787666,"service":"shop-api","reqId":"9907a2f3-e1e0-4bfb-aa50-a57f2dc86825","req":{"method":"POST","url":"/api/auth/login"},"res":{"statusCode":200},"responseTime":104,"msg":"request completed"}
{"level":30,"time":1790826828652,"service":"shop-api","reqId":"8c4fe67e-521b-4070-9faa-10712032a40c","req":{"method":"PUT","url":"/api/cart/items/3"},"res":{"statusCode":200},"responseTime":36,"msg":"request completed"}
{"level":30,"time":1790826828678,"service":"shop-api","reqId":"b0ddedbd-d1c2-4eaa-8b41-75ec5d784d00","orderId":796,"amount":24000,"msg":"payment requested"}
{"level":30,"time":1790826828682,"service":"shop-api","reqId":"b0ddedbd-d1c2-4eaa-8b41-75ec5d784d00","attempt":1,"gatewayTxId":"GW-0E11E0","msg":"gateway call"}
{"level":30,"time":1790826828717,"service":"shop-api","reqId":"b0ddedbd-d1c2-4eaa-8b41-75ec5d784d00","orderId":796,"gatewayTxId":"GW-0E11E0","msg":"payment approved"}
{"level":30,"time":1790826828720,"service":"shop-api","reqId":"b0ddedbd-d1c2-4eaa-8b41-75ec5d784d00","req":{"method":"POST","url":"/api/orders/796/pay"},"res":{"statusCode":200},"responseTime":44,"msg":"request completed"}
{"level":30,"time":1790826829701,"service":"shop-api","reqId":"027a7d6a-6663-4186-8053-000fda24ad7d","req":{"method":"GET","url":"/api/products/12"},"res":{"statusCode":200},"responseTime":19,"msg":"request completed"}
{"level":30,"time":1790826838817,"service":"shop-api","reqId":"b9abe227-61e8-484e-b5be-5cafd376d28a","req":{"method":"GET","url":"/api/products"},"res":{"statusCode":200},"responseTime":22,"msg":"request completed"}
{"level":30,"time":1790826839046,"service":"shop-api","reqId":"b127386b-41d7-4d23-8622-1e037a1ce7ed","req":{"method":"GET","url":"/api/products"},"res":{"statusCode":200},"responseTime":15,"msg":"request completed"}
{"level":30,"time":1790826842871,"service":"shop-api","reqId":"0ba1d6ef-cbc7-4af9-90f0-c9c943d286fb","req":{"method":"GET","url":"/api/products"},"res":{"statusCode":200},"responseTime":28,"msg":"request completed"}
{"level":30,"time":1790826865978,"service":"shop-api","reqId":"e1257b6a-5a7d-4696-90a7-d7e67de2d76f","req":{"method":"GET","url":"/api/products/2"},"res":{"statusCode":200},"responseTime":15,"msg":"request completed"}
{"level":30,"time":1790826869405,"service":"shop-api","reqId":"6e353084-16f6-45d9-8925-0c44b24fb9a9","req":{"method":"GET","url":"/api/products"},"res":{"statusCode":200},"responseTime":12,"msg":"request completed"}
{"level":30,"time":1790826877352,"service":"shop-api","reqId":"8c1db971-ac77-4d48-9596-bbc74899967f","req":{"method":"PUT","url":"/api/cart/items/10"},"res":{"statusCode":200},"responseTime":37,"msg":"request completed"}
{"level":30,"time":1790826885967,"service":"shop-api","reqId":"d01c794d-7ace-4244-9433-879a55196c1c","orderId":797,"amount":84000,"msg":"payment requested"}
{"level":30,"time":1790826885971,"service":"shop-api","reqId":"d01c794d-7ace-4244-9433-879a55196c1c","attempt":1,"gatewayTxId":"GW-9C9324","msg":"gateway call"}
{"level":30,"time":1790826886006,"service":"shop-api","reqId":"d01c794d-7ace-4244-9433-879a55196c1c","orderId":797,"gatewayTxId":"GW-9C9324","msg":"payment approved"}
{"level":30,"time":1790826886009,"service":"shop-api","reqId":"d01c794d-7ace-4244-9433-879a55196c1c","req":{"method":"POST","url":"/api/orders/797/pay"},"res":{"statusCode":200},"responseTime":44,"msg":"request completed"}
{"level":30,"time":1790826934383,"service":"shop-api","reqId":"e26ddc59-d3e1-426f-ac46-69f9aa3209b6","req":{"method":"GET","url":"/api/products/10"},"res":{"statusCode":200},"responseTime":20,"msg":"request completed"}
{"level":30,"time":1790826943159,"service":"shop-api","reqId":"b11fe1a6-503c-4e7f-9d83-ebd0259fb193","req":{"method":"GET","url":"/api/products"},"res":{"statusCode":200},"responseTime":21,"msg":"request completed"}
{"level":30,"time":1790826944741,"service":"shop-api","reqId":"187c8877-03f0-486d-bb43-88a5e9e13e77","req":{"method":"PUT","url":"/api/cart/items/4"},"res":{"statusCode":409},"responseTime":14,"msg":"request completed"}
{"level":30,"time":1790826946526,"service":"shop-api","reqId":"d9dca39b-eba3-4c74-a875-1ce51deb0440","req":{"method":"GET","url":"/api/products"},"res":{"statusCode":200},"responseTime":34,"msg":"request completed"}
{"level":30,"time":1790826949566,"service":"shop-api","reqId":"e3fccdf2-f478-4dc3-aaeb-35564fc96c2a","req":{"method":"GET","url":"/api/products/9"},"res":{"statusCode":200},"responseTime":14,"msg":"request completed"}
{"level":30,"time":1790826955121,"service":"shop-api","reqId":"77fde19d-0e07-45d8-86ce-501a96c97879","req":{"method":"GET","url":"/api/products"},"res":{"statusCode":200},"responseTime":35,"msg":"request completed"}
{"level":30,"time":1790826980300,"service":"shop-api","reqId":"d32ddbc6-9c8c-4d70-b0e8-d0ce45dd11a6","req":{"method":"POST","url":"/api/quote"},"res":{"statusCode":200},"responseTime":44,"msg":"request completed"}
{"level":30,"time":1790826982049,"service":"shop-api","reqId":"cd6248ae-e03d-4d8d-aefd-c6b4680aeab5","orderId":798,"amount":37000,"msg":"payment requested"}
{"level":30,"time":1790826982053,"service":"shop-api","reqId":"cd6248ae-e03d-4d8d-aefd-c6b4680aeab5","attempt":1,"gatewayTxId":"GW-4EDF47","msg":"gateway call"}
{"level":30,"time":1790826982088,"service":"shop-api","reqId":"cd6248ae-e03d-4d8d-aefd-c6b4680aeab5","orderId":798,"gatewayTxId":"GW-4EDF47","msg":"payment approved"}
{"level":30,"time":1790826982091,"service":"shop-api","reqId":"cd6248ae-e03d-4d8d-aefd-c6b4680aeab5","req":{"method":"POST","url":"/api/orders/798/pay"},"res":{"statusCode":200},"responseTime":44,"msg":"request completed"}
{"level":30,"time":1790827000579,"service":"shop-api","reqId":"0db130cf-70a7-460c-a10e-3f8df991265f","req":{"method":"GET","url":"/api/products"},"res":{"statusCode":200},"responseTime":13,"msg":"request completed"}
{"level":30,"time":1790827007492,"service":"shop-api","reqId":"9eddafa6-7975-44ad-a8d9-c421d24c3e4f","req":{"method":"GET","url":"/api/products"},"res":{"statusCode":200},"responseTime":26,"msg":"request completed"}
{"level":30,"time":1790827010555,"service":"shop-api","reqId":"a35b64c3-e090-417e-99a2-66c2c8205186","req":{"method":"GET","url":"/api/products"},"res":{"statusCode":200},"responseTime":26,"msg":"request completed"}
{"level":30,"time":1790827011456,"service":"shop-api","reqId":"ee879e02-321d-43ca-a4ce-3247ea731c69","req":{"method":"PUT","url":"/api/cart/items/8"},"res":{"statusCode":200},"responseTime":19,"msg":"request completed"}
{"level":30,"time":1790827035422,"service":"shop-api","reqId":"5f8ef487-7924-4cdb-840e-bb5e00fa4be1","req":{"method":"GET","url":"/api/products/8"},"res":{"statusCode":200},"responseTime":20,"msg":"request completed"}
{"level":30,"time":1790827054749,"service":"shop-api","reqId":"7aa3478f-abbf-426d-906d-185ad0add95e","orderId":799,"amount":98000,"msg":"payment requested"}
{"level":30,"time":1790827054753,"service":"shop-api","reqId":"7aa3478f-abbf-426d-906d-185ad0add95e","attempt":1,"gatewayTxId":"GW-BC1C0E","msg":"gateway call"}
{"level":30,"time":1790827054788,"service":"shop-api","reqId":"7aa3478f-abbf-426d-906d-185ad0add95e","orderId":799,"gatewayTxId":"GW-BC1C0E","msg":"payment approved"}
{"level":30,"time":1790827054791,"service":"shop-api","reqId":"7aa3478f-abbf-426d-906d-185ad0add95e","req":{"method":"POST","url":"/api/orders/799/pay"},"res":{"statusCode":200},"responseTime":44,"msg":"request completed"}
{"level":30,"time":1790827070088,"service":"shop-api","reqId":"599c419a-4962-4cd6-af39-49403652aee4","orderId":800,"amount":112000,"msg":"payment requested"}
{"level":30,"time":1790827070092,"service":"shop-api","reqId":"599c419a-4962-4cd6-af39-49403652aee4","attempt":1,"gatewayTxId":"GW-BDCEB7","msg":"gateway call"}
{"level":30,"time":1790827070127,"service":"shop-api","reqId":"599c419a-4962-4cd6-af39-49403652aee4","orderId":800,"gatewayTxId":"GW-BDCEB7","msg":"payment approved"}
{"level":30,"time":1790827070130,"service":"shop-api","reqId":"599c419a-4962-4cd6-af39-49403652aee4","req":{"method":"POST","url":"/api/orders/800/pay"},"res":{"statusCode":200},"responseTime":44,"msg":"request completed"}
{"level":30,"time":1790827083253,"service":"shop-api","reqId":"745628f8-f9fd-4ba6-9ee1-9bddec1d292d","req":{"method":"GET","url":"/api/products/2"},"res":{"statusCode":200},"responseTime":16,"msg":"request completed"}
{"level":30,"time":1790827091577,"service":"shop-api","reqId":"0fff09ea-6cf9-4ae9-9df6-f7a23d3e83bb","req":{"method":"POST","url":"/api/orders"},"res":{"statusCode":201},"responseTime":23,"msg":"request completed"}
{"level":30,"time":1790827102086,"service":"shop-api","reqId":"9de33892-1685-4c98-a592-c7e54aaf6dea","req":{"method":"GET","url":"/api/products/12"},"res":{"statusCode":200},"responseTime":19,"msg":"request completed"}
{"level":30,"time":1790827117481,"service":"shop-api","reqId":"6adf8dea-02d7-4777-b60e-48a43214aa93","req":{"method":"POST","url":"/api/auth/login"},"res":{"statusCode":200},"responseTime":64,"msg":"request completed"}
{"level":30,"time":1790827117695,"service":"shop-api","reqId":"9b9e8fe3-577b-4195-9147-b807ad628f79","req":{"method":"POST","url":"/api/auth/login"},"res":{"statusCode":200},"responseTime":105,"msg":"request completed"}
{"level":30,"time":1790827127479,"service":"shop-api","reqId":"0ceca7cf-fc16-4416-aa2b-e1d45a303e79","req":{"method":"GET","url":"/api/products"},"res":{"statusCode":200},"responseTime":31,"msg":"request completed"}
{"level":30,"time":1790827140989,"service":"shop-api","reqId":"f6939bb5-e073-41cb-9e9d-55140d4843e0","req":{"method":"GET","url":"/api/products"},"res":{"statusCode":200},"responseTime":35,"msg":"request completed"}
{"level":30,"time":1790827146859,"service":"shop-api","reqId":"35d2f370-42ac-4ee6-9b9b-55115c0679cb","req":{"method":"GET","url":"/api/products"},"res":{"statusCode":200},"responseTime":22,"msg":"request completed"}
{"level":30,"time":1790827149130,"service":"shop-api","reqId":"59b34022-0f03-4c42-a7e2-3e2aad75c18b","req":{"method":"GET","url":"/api/products/8"},"res":{"statusCode":200},"responseTime":9,"msg":"request completed"}
{"level":30,"time":1790827177867,"service":"shop-api","reqId":"c36ff62e-926b-43de-81b7-eca28083c624","req":{"method":"GET","url":"/api/products/3"},"res":{"statusCode":200},"responseTime":20,"msg":"request completed"}
{"level":30,"time":1790827191496,"service":"shop-api","reqId":"e0bfe522-d800-4876-884d-188509495a01","req":{"method":"GET","url":"/api/products/12"},"res":{"statusCode":200},"responseTime":7,"msg":"request completed"}
{"level":30,"time":1790827215073,"service":"shop-api","reqId":"4b4c5e7b-fcd2-4091-b086-15cad4a8d53b","req":{"method":"POST","url":"/api/quote"},"res":{"statusCode":200},"responseTime":20,"msg":"request completed"}
{"level":30,"time":1790827235025,"service":"shop-api","reqId":"e41ed51e-d7d1-4ada-8f40-763a508c1904","req":{"method":"GET","url":"/api/products"},"res":{"statusCode":200},"responseTime":9,"msg":"request completed"}
{"level":30,"time":1790827237089,"service":"shop-api","reqId":"e142a2a3-1849-4431-bd8a-e5f1dfa96bfb","req":{"method":"GET","url":"/api/products"},"res":{"statusCode":200},"responseTime":13,"msg":"request completed"}
{"level":30,"time":1790827243133,"service":"shop-api","reqId":"548266d5-239b-4935-b581-d92423d6f43b","req":{"method":"GET","url":"/api/products/3"},"res":{"statusCode":200},"responseTime":16,"msg":"request completed"}
{"level":30,"time":1790827243772,"service":"shop-api","reqId":"c0f11777-a9f5-4a1d-9e0b-e5a946ee2f40","req":{"method":"POST","url":"/api/quote"},"res":{"statusCode":422},"responseTime":42,"msg":"request completed"}
{"level":30,"time":1790827251921,"service":"shop-api","reqId":"a4bef2c8-dc32-4cc1-b9b1-fba37ca622a9","req":{"method":"POST","url":"/api/auth/login"},"res":{"statusCode":200},"responseTime":118,"msg":"request completed"}
{"level":30,"time":1790827280285,"service":"shop-api","reqId":"21977631-b104-4db5-842d-bd6cb2af2d8b","req":{"method":"GET","url":"/api/products/8"},"res":{"statusCode":200},"responseTime":8,"msg":"request completed"}
{"level":30,"time":1790827287211,"service":"shop-api","reqId":"d7ef5d3c-9ef5-4e97-832c-e1c31e6f6412","req":{"method":"GET","url":"/api/products/4"},"res":{"statusCode":200},"responseTime":18,"msg":"request completed"}
{"level":30,"time":1790827288326,"service":"shop-api","reqId":"bc434d54-b9c5-47df-85ff-d729bf9a61a7","req":{"method":"GET","url":"/api/products/4"},"res":{"statusCode":200},"responseTime":20,"msg":"request completed"}
{"level":30,"time":1790827297791,"service":"shop-api","reqId":"1dec371b-b02e-483e-9e6a-9f76d1d93ac8","req":{"method":"POST","url":"/api/orders"},"res":{"statusCode":400},"responseTime":39,"msg":"request completed"}
{"level":30,"time":1790827301326,"service":"shop-api","reqId":"38afcdc0-24f8-4a81-98ac-70fbc4e135d3","req":{"method":"POST","url":"/api/orders"},"res":{"statusCode":201},"responseTime":43,"msg":"request completed"}
{"level":30,"time":1790827340480,"service":"shop-api","reqId":"72ac3a7d-72f4-431b-9d15-106f94079baf","req":{"method":"POST","url":"/api/auth/login"},"res":{"statusCode":200},"responseTime":82,"msg":"request completed"}
{"level":30,"time":1790827341574,"service":"shop-api","reqId":"34509455-24c9-4292-ba9c-327f34316322","req":{"method":"GET","url":"/api/products"},"res":{"statusCode":200},"responseTime":17,"msg":"request completed"}
{"level":30,"time":1790827344500,"service":"shop-api","reqId":"9c03ff18-f6ba-4d30-8fc0-3419256f81b9","req":{"method":"GET","url":"/api/products/7"},"res":{"statusCode":200},"responseTime":19,"msg":"request completed"}
{"level":30,"time":1790827350927,"service":"shop-api","reqId":"2f62a415-84b7-4afc-aafa-df994ac92541","req":{"method":"GET","url":"/api/products"},"res":{"statusCode":200},"responseTime":31,"msg":"request completed"}
{"level":30,"time":1790827358054,"service":"shop-api","reqId":"02219ba9-964b-4ccc-bb19-7d83dd8b8d78","req":{"method":"GET","url":"/api/products"},"res":{"statusCode":200},"responseTime":13,"msg":"request completed"}
{"level":50,"time":1790827364475,"service":"shop-api","reqId":"841fc964-f728-4f1d-8163-d5708d846c5f","err":{"code":"40P01"},"msg":"deadlock detected"}
{"level":50,"time":1790827366476,"service":"shop-api","reqId":"841fc964-f728-4f1d-8163-d5708d846c5f","req":{"method":"POST","url":"/api/orders"},"res":{"statusCode":500},"responseTime":2003,"msg":"request completed"}
{"level":30,"time":1790827375606,"service":"shop-api","reqId":"9192f70c-1d4c-4830-b256-b78617931378","req":{"method":"GET","url":"/api/products"},"res":{"statusCode":200},"responseTime":8,"msg":"request completed"}
{"level":30,"time":1790827396796,"service":"shop-api","reqId":"ea2a5183-b60c-44c7-8c8c-c8761b389c02","req":{"method":"PUT","url":"/api/cart/items/9"},"res":{"statusCode":200},"responseTime":16,"msg":"request completed"}
{"level":30,"time":1790827397974,"service":"shop-api","reqId":"98343a54-a5a3-4b1b-9465-7608dbc8a59f","req":{"method":"GET","url":"/api/products"},"res":{"statusCode":200},"responseTime":25,"msg":"request completed"}
{"level":30,"time":1790827432983,"service":"shop-api","reqId":"53e7225f-fdcb-4d7a-83f6-1c96fe05686a","req":{"method":"GET","url":"/api/products"},"res":{"statusCode":200},"responseTime":28,"msg":"request completed"}
{"level":30,"time":1790827445957,"service":"shop-api","reqId":"5dfe6e00-f068-4d96-81b3-c4bfe5dbd1dc","req":{"method":"GET","url":"/api/products"},"res":{"statusCode":200},"responseTime":25,"msg":"request completed"}
{"level":30,"time":1790827448581,"service":"shop-api","reqId":"4b57f967-4a86-47c9-8f06-4a695a31c7fb","req":{"method":"POST","url":"/api/orders"},"res":{"statusCode":201},"responseTime":74,"msg":"request completed"}
{"level":30,"time":1790827463027,"service":"shop-api","reqId":"e71f21a9-1cd1-48fe-8672-ace16ef36ceb","req":{"method":"GET","url":"/api/products"},"res":{"statusCode":200},"responseTime":29,"msg":"request completed"}
{"level":30,"time":1790827463321,"service":"shop-api","reqId":"6b024275-18a1-4c5a-a45c-c770eaf16c91","req":{"method":"GET","url":"/api/products/9"},"res":{"statusCode":200},"responseTime":17,"msg":"request completed"}
{"level":30,"time":1790827486237,"service":"shop-api","reqId":"62721bc8-4e7f-45f5-b1f2-68bb7251e524","req":{"method":"GET","url":"/api/products/4"},"res":{"statusCode":200},"responseTime":19,"msg":"request completed"}
{"level":30,"time":1790827494002,"service":"shop-api","reqId":"754e9909-9046-4b26-92b8-e5c82d2682df","req":{"method":"GET","url":"/api/products"},"res":{"statusCode":200},"responseTime":10,"msg":"request completed"}
{"level":30,"time":1790827503203,"service":"shop-api","reqId":"1b277d15-3666-4888-92e3-0dc40477263b","req":{"method":"GET","url":"/api/products"},"res":{"statusCode":200},"responseTime":32,"msg":"request completed"}
{"level":30,"time":1790827533673,"service":"shop-api","reqId":"9e6e0f6c-82c0-475b-aad6-6d05c4924ae8","req":{"method":"GET","url":"/api/products/6"},"res":{"statusCode":200},"responseTime":8,"msg":"request completed"}
{"level":30,"time":1790827550086,"service":"shop-api","reqId":"e7e0509f-8154-4b28-b04a-f449a6f85200","req":{"method":"GET","url":"/api/products"},"res":{"statusCode":200},"responseTime":7,"msg":"request completed"}
{"level":30,"time":1790827561786,"service":"shop-api","reqId":"60406013-10d0-46ae-8911-106275bc9e70","req":{"method":"GET","url":"/api/products"},"res":{"statusCode":200},"responseTime":25,"msg":"request completed"}
{"level":30,"time":1790827583740,"service":"shop-api","reqId":"4340fa49-d5b9-4c48-95e0-79ff7c954fac","req":{"method":"GET","url":"/api/products"},"res":{"statusCode":200},"responseTime":21,"msg":"request completed"}
{"level":30,"time":1790827659890,"service":"shop-api","reqId":"232f709b-0bca-4657-bb3a-086e5104fe82","req":{"method":"GET","url":"/api/products/9"},"res":{"statusCode":200},"responseTime":10,"msg":"request completed"}
{"level":30,"time":1790827672369,"service":"shop-api","reqId":"92e7ef66-82e4-415c-9019-efc4d7d9971e","req":{"method":"GET","url":"/api/products"},"res":{"statusCode":200},"responseTime":31,"msg":"request completed"}
{"level":30,"time":1790827675392,"service":"shop-api","reqId":"a47757df-2de8-4978-8614-2dc8051ed216","req":{"method":"GET","url":"/api/products/11"},"res":{"statusCode":200},"responseTime":14,"msg":"request completed"}
{"level":30,"time":1790827706549,"service":"shop-api","reqId":"e2a0f217-d8e2-4e11-94bf-142961c25065","req":{"method":"PUT","url":"/api/cart/items/1"},"res":{"statusCode":400},"responseTime":30,"msg":"request completed"}
{"level":30,"time":1790827755051,"service":"shop-api","reqId":"be697b11-da1c-46ac-b21a-8be857b9f6f9","req":{"method":"POST","url":"/api/auth/login"},"res":{"statusCode":200},"responseTime":49,"msg":"request completed"}
{"level":30,"time":1790827759486,"service":"shop-api","reqId":"930fa363-e477-4a74-b097-61b2209755ab","req":{"method":"PUT","url":"/api/cart/items/3"},"res":{"statusCode":200},"responseTime":33,"msg":"request completed"}
{"level":30,"time":1790827777170,"service":"shop-api","reqId":"02d6151a-9440-4ea0-be04-cb3f7be4b84b","req":{"method":"GET","url":"/api/products/8"},"res":{"statusCode":200},"responseTime":13,"msg":"request completed"}
{"level":30,"time":1790827784603,"service":"shop-api","reqId":"da42ae85-e457-4870-b42c-8ecf7b6d55d6","req":{"method":"GET","url":"/api/orders/803"},"res":{"statusCode":200},"responseTime":12,"msg":"request completed"}
{"level":30,"time":1790827786158,"service":"shop-api","reqId":"0ef527f7-77ec-4b6a-b2c7-73a592afedee","req":{"method":"GET","url":"/api/products/3"},"res":{"statusCode":200},"responseTime":9,"msg":"request completed"}
{"level":30,"time":1790827793220,"service":"shop-api","reqId":"d7df8d03-ad30-4592-b16f-47f9922eb6b3","req":{"method":"GET","url":"/api/products/12"},"res":{"statusCode":200},"responseTime":14,"msg":"request completed"}
{"level":30,"time":1790827797165,"service":"shop-api","reqId":"a86d48aa-7f53-4704-a808-4c0e1756d94e","req":{"method":"POST","url":"/api/auth/login"},"res":{"statusCode":200},"responseTime":111,"msg":"request completed"}
{"level":30,"time":1790827817583,"service":"shop-api","reqId":"4e4c2ff4-c390-4c12-ba27-0a7c5dca9a36","req":{"method":"GET","url":"/api/products"},"res":{"statusCode":200},"responseTime":14,"msg":"request completed"}
{"level":30,"time":1790827818889,"service":"shop-api","reqId":"7162e8a1-4e36-4548-bb0d-025fad754e0c","orderId":801,"amount":21000,"msg":"payment requested"}
{"level":30,"time":1790827818893,"service":"shop-api","reqId":"7162e8a1-4e36-4548-bb0d-025fad754e0c","attempt":1,"gatewayTxId":"GW-875AFF","msg":"gateway call"}
{"level":30,"time":1790827818928,"service":"shop-api","reqId":"7162e8a1-4e36-4548-bb0d-025fad754e0c","orderId":801,"gatewayTxId":"GW-875AFF","msg":"payment approved"}
{"level":30,"time":1790827818931,"service":"shop-api","reqId":"7162e8a1-4e36-4548-bb0d-025fad754e0c","req":{"method":"POST","url":"/api/orders/801/pay"},"res":{"statusCode":200},"responseTime":44,"msg":"request completed"}
{"level":30,"time":1790827820081,"service":"shop-api","reqId":"7d07f712-17de-44e8-a464-adf5199c0600","orderId":802,"amount":16000,"msg":"payment requested"}
{"level":30,"time":1790827820085,"service":"shop-api","reqId":"7d07f712-17de-44e8-a464-adf5199c0600","attempt":1,"gatewayTxId":"GW-A7A1A8","msg":"gateway call"}
{"level":30,"time":1790827820120,"service":"shop-api","reqId":"7d07f712-17de-44e8-a464-adf5199c0600","orderId":802,"gatewayTxId":"GW-A7A1A8","msg":"payment approved"}
{"level":30,"time":1790827820123,"service":"shop-api","reqId":"7d07f712-17de-44e8-a464-adf5199c0600","req":{"method":"POST","url":"/api/orders/802/pay"},"res":{"statusCode":200},"responseTime":44,"msg":"request completed"}
{"level":30,"time":1790827854810,"service":"shop-api","reqId":"2dc5b3e5-4d7d-4139-9e4c-73b2cc53b672","req":{"method":"GET","url":"/api/products"},"res":{"statusCode":200},"responseTime":31,"msg":"request completed"}
{"level":30,"time":1790827854986,"service":"shop-api","reqId":"8d8ed5db-5f59-45fe-adc8-a16e70d43b67","req":{"method":"GET","url":"/api/products"},"res":{"statusCode":200},"responseTime":35,"msg":"request completed"}
{"level":30,"time":1790827892793,"service":"shop-api","reqId":"c85e4495-3e4d-44f6-b356-682db60cf647","req":{"method":"POST","url":"/api/orders"},"res":{"statusCode":201},"responseTime":38,"msg":"request completed"}
{"level":30,"time":1790827909929,"service":"shop-api","reqId":"26543757-b977-4bd6-993f-5e4b028ae99c","req":{"method":"GET","url":"/api/products"},"res":{"statusCode":200},"responseTime":35,"msg":"request completed"}
{"level":30,"time":1790827913470,"service":"shop-api","reqId":"6daec420-cbb5-4143-b85c-b5e3377ad3b5","req":{"method":"POST","url":"/api/quote"},"res":{"statusCode":200},"responseTime":30,"msg":"request completed"}
{"level":30,"time":1790827937323,"service":"shop-api","reqId":"92e7a717-aa2c-44df-9875-27125546766a","req":{"method":"PUT","url":"/api/cart/items/9"},"res":{"statusCode":200},"responseTime":18,"msg":"request completed"}
{"level":30,"time":1790827941456,"service":"shop-api","reqId":"6c643a9f-d8bc-4354-b8d3-0bc0c44f8e8d","req":{"method":"GET","url":"/api/products"},"res":{"statusCode":200},"responseTime":29,"msg":"request completed"}
{"level":30,"time":1790827941487,"service":"shop-api","reqId":"249b6eea-6f14-444a-a17e-ed62db1ba85b","req":{"method":"GET","url":"/api/products"},"res":{"statusCode":200},"responseTime":34,"msg":"request completed"}
{"level":30,"time":1790827944593,"service":"shop-api","reqId":"e138311b-929e-4948-b698-4440b3017aa4","req":{"method":"GET","url":"/api/products/6"},"res":{"statusCode":200},"responseTime":11,"msg":"request completed"}
{"level":30,"time":1790827990079,"service":"shop-api","reqId":"cf56c4e3-2dec-4cbd-9264-2c9125182956","req":{"method":"GET","url":"/api/products"},"res":{"statusCode":200},"responseTime":19,"msg":"request completed"}
{"level":30,"time":1790827995591,"service":"shop-api","reqId":"9e9bb9fc-662c-4ed0-ace7-105fa89e25f0","req":{"method":"GET","url":"/api/products"},"res":{"statusCode":200},"responseTime":12,"msg":"request completed"}
{"level":30,"time":1790828010230,"service":"shop-api","reqId":"348fcaba-43f6-47b0-884c-8511a384617f","req":{"method":"POST","url":"/api/orders"},"res":{"statusCode":201},"responseTime":32,"msg":"request completed"}
{"level":30,"time":1790828025592,"service":"shop-api","reqId":"c24fb01d-4d83-455e-9b31-8a63f624f665","req":{"method":"POST","url":"/api/orders"},"res":{"statusCode":201},"responseTime":77,"msg":"request completed"}
{"level":30,"time":1790828027129,"service":"shop-api","reqId":"9fb9c81f-5c74-4022-8db0-af786512f6d3","req":{"method":"GET","url":"/api/orders/801"},"res":{"statusCode":200},"responseTime":17,"msg":"request completed"}
{"level":30,"time":1790828035680,"service":"shop-api","reqId":"7bc5ed30-e742-46b7-a9f2-350584cbc084","req":{"method":"GET","url":"/api/products/9"},"res":{"statusCode":200},"responseTime":17,"msg":"request completed"}
{"level":30,"time":1790828036634,"service":"shop-api","reqId":"16951138-b7af-403d-94bb-2263f99f603c","req":{"method":"GET","url":"/api/products/11"},"res":{"statusCode":200},"responseTime":13,"msg":"request completed"}
{"level":30,"time":1790828049772,"service":"shop-api","reqId":"2764b058-11f2-4d48-91ea-c84bbdd5f5c1","req":{"method":"PUT","url":"/api/cart/items/10"},"res":{"statusCode":200},"responseTime":18,"msg":"request completed"}
{"level":30,"time":1790828070411,"service":"shop-api","reqId":"58380f0c-b5ba-48c0-a44d-aef14820922c","req":{"method":"POST","url":"/api/quote"},"res":{"statusCode":200},"responseTime":22,"msg":"request completed"}
{"level":30,"time":1790828083448,"service":"shop-api","reqId":"7af5a889-7312-49c5-859f-9201b489143f","req":{"method":"GET","url":"/api/products/14"},"res":{"statusCode":404},"responseTime":8,"msg":"request completed"}
{"level":30,"time":1790828090261,"service":"shop-api","reqId":"f3f3f4eb-c627-45d9-bc40-e00eb4ad8dff","req":{"method":"GET","url":"/api/products"},"res":{"statusCode":200},"responseTime":19,"msg":"request completed"}
{"level":30,"time":1790828106012,"service":"shop-api","reqId":"09637594-18a6-4956-a2d7-6a2242a71bbb","req":{"method":"GET","url":"/api/orders/831"},"res":{"statusCode":200},"responseTime":25,"msg":"request completed"}
{"level":30,"time":1790828108421,"service":"shop-api","reqId":"ed7f4151-2982-4942-ae84-e8560e35ca20","req":{"method":"GET","url":"/api/products/2"},"res":{"statusCode":200},"responseTime":7,"msg":"request completed"}
{"level":30,"time":1790828109697,"service":"shop-api","reqId":"cd4ee983-581b-48d3-912a-e6f2e4d6e5ab","orderId":803,"amount":84000,"msg":"payment requested"}
{"level":30,"time":1790828109701,"service":"shop-api","reqId":"cd4ee983-581b-48d3-912a-e6f2e4d6e5ab","attempt":1,"gatewayTxId":"GW-FA5772","msg":"gateway call"}
{"level":30,"time":1790828109736,"service":"shop-api","reqId":"cd4ee983-581b-48d3-912a-e6f2e4d6e5ab","orderId":803,"gatewayTxId":"GW-FA5772","msg":"payment approved"}
{"level":30,"time":1790828109739,"service":"shop-api","reqId":"cd4ee983-581b-48d3-912a-e6f2e4d6e5ab","req":{"method":"POST","url":"/api/orders/803/pay"},"res":{"statusCode":200},"responseTime":44,"msg":"request completed"}
{"level":30,"time":1790828116674,"service":"shop-api","reqId":"9906326c-d5eb-4268-99e3-598027413e5b","req":{"method":"PUT","url":"/api/cart/items/11"},"res":{"statusCode":400},"responseTime":23,"msg":"request completed"}
{"level":30,"time":1790828129763,"service":"shop-api","reqId":"7e5fee26-1da5-4fd9-a5c8-3d7d14ea44e9","req":{"method":"PUT","url":"/api/cart/items/1"},"res":{"statusCode":200},"responseTime":22,"msg":"request completed"}
{"level":30,"time":1790828138922,"service":"shop-api","reqId":"6b0d2525-9926-4fcc-94a1-0a8706cff759","req":{"method":"GET","url":"/api/products/5"},"res":{"statusCode":200},"responseTime":20,"msg":"request completed"}
{"level":30,"time":1790828140340,"service":"shop-api","reqId":"b5494324-3b18-4baa-8b4e-fff89ce42e9f","req":{"method":"POST","url":"/api/quote"},"res":{"statusCode":200},"responseTime":41,"msg":"request completed"}
{"level":30,"time":1790828154948,"service":"shop-api","reqId":"368fea0f-9d60-4326-9445-7112a008bd25","req":{"method":"POST","url":"/api/orders"},"res":{"statusCode":201},"responseTime":35,"msg":"request completed"}
{"level":30,"time":1790828188219,"service":"shop-api","reqId":"32de2d19-3984-44f7-8b21-99fe3273f54b","req":{"method":"GET","url":"/api/products/2"},"res":{"statusCode":200},"responseTime":10,"msg":"request completed"}
{"level":30,"time":1790828204720,"service":"shop-api","reqId":"9f478467-a2e7-48d3-b7d3-699be60812b0","orderId":804,"amount":107000,"msg":"payment requested"}
{"level":30,"time":1790828204724,"service":"shop-api","reqId":"9f478467-a2e7-48d3-b7d3-699be60812b0","attempt":1,"gatewayTxId":"GW-6D3D9F","msg":"gateway call"}
{"level":30,"time":1790828204759,"service":"shop-api","reqId":"9f478467-a2e7-48d3-b7d3-699be60812b0","orderId":804,"gatewayTxId":"GW-6D3D9F","msg":"payment approved"}
{"level":30,"time":1790828204762,"service":"shop-api","reqId":"9f478467-a2e7-48d3-b7d3-699be60812b0","req":{"method":"POST","url":"/api/orders/804/pay"},"res":{"statusCode":200},"responseTime":44,"msg":"request completed"}
{"level":30,"time":1790828205160,"service":"shop-api","reqId":"9995560e-4b15-4fca-b910-208c07e4fb2a","req":{"method":"GET","url":"/api/products/11"},"res":{"statusCode":200},"responseTime":11,"msg":"request completed"}
{"level":30,"time":1790828208520,"service":"shop-api","reqId":"13ae07ea-a940-4e6c-97f6-cf30f99aac5c","req":{"method":"GET","url":"/api/products/8"},"res":{"statusCode":200},"responseTime":17,"msg":"request completed"}
{"level":30,"time":1790828217402,"service":"shop-api","reqId":"bcb44a88-105e-473e-b0f3-a54373244812","req":{"method":"GET","url":"/api/products"},"res":{"statusCode":200},"responseTime":16,"msg":"request completed"}
{"level":30,"time":1790828259972,"service":"shop-api","reqId":"77a1a8e5-dd52-431b-b6e3-e09c01f14bc0","req":{"method":"GET","url":"/api/products/4"},"res":{"statusCode":200},"responseTime":17,"msg":"request completed"}
{"level":30,"time":1790828263764,"service":"shop-api","reqId":"481069f9-c343-401a-aeca-b0967bef1298","req":{"method":"GET","url":"/api/products"},"res":{"statusCode":200},"responseTime":15,"msg":"request completed"}
{"level":30,"time":1790828298665,"service":"shop-api","reqId":"9d53782f-63c4-4530-9ac2-070edbc06de4","orderId":805,"amount":16000,"msg":"payment requested"}
{"level":30,"time":1790828298669,"service":"shop-api","reqId":"9d53782f-63c4-4530-9ac2-070edbc06de4","attempt":1,"gatewayTxId":"GW-12A480","msg":"gateway call"}
{"level":30,"time":1790828298704,"service":"shop-api","reqId":"9d53782f-63c4-4530-9ac2-070edbc06de4","orderId":805,"gatewayTxId":"GW-12A480","msg":"payment approved"}
{"level":30,"time":1790828298707,"service":"shop-api","reqId":"9d53782f-63c4-4530-9ac2-070edbc06de4","req":{"method":"POST","url":"/api/orders/805/pay"},"res":{"statusCode":200},"responseTime":44,"msg":"request completed"}
{"level":30,"time":1790828305617,"service":"shop-api","reqId":"548b3354-75a8-49ac-92fd-5e4b2eae440c","orderId":806,"amount":118000,"msg":"payment requested"}
{"level":30,"time":1790828305621,"service":"shop-api","reqId":"548b3354-75a8-49ac-92fd-5e4b2eae440c","attempt":1,"gatewayTxId":"GW-02CCAA","msg":"gateway call"}
{"level":30,"time":1790828305656,"service":"shop-api","reqId":"548b3354-75a8-49ac-92fd-5e4b2eae440c","orderId":806,"gatewayTxId":"GW-02CCAA","msg":"payment approved"}
{"level":30,"time":1790828305659,"service":"shop-api","reqId":"548b3354-75a8-49ac-92fd-5e4b2eae440c","req":{"method":"POST","url":"/api/orders/806/pay"},"res":{"statusCode":200},"responseTime":44,"msg":"request completed"}
{"level":30,"time":1790828312430,"service":"shop-api","reqId":"484fe408-6625-458d-a1df-f8cf02f9b95c","req":{"method":"GET","url":"/api/products"},"res":{"statusCode":200},"responseTime":31,"msg":"request completed"}
{"level":30,"time":1790828314478,"service":"shop-api","reqId":"662d9a69-00b2-4f96-886b-ab47dd440669","orderId":807,"amount":95000,"msg":"payment requested"}
{"level":30,"time":1790828314482,"service":"shop-api","reqId":"662d9a69-00b2-4f96-886b-ab47dd440669","attempt":1,"gatewayTxId":"GW-AAFA73","msg":"gateway call"}
{"level":30,"time":1790828314517,"service":"shop-api","reqId":"662d9a69-00b2-4f96-886b-ab47dd440669","orderId":807,"gatewayTxId":"GW-AAFA73","msg":"payment approved"}
{"level":30,"time":1790828314520,"service":"shop-api","reqId":"662d9a69-00b2-4f96-886b-ab47dd440669","req":{"method":"POST","url":"/api/orders/807/pay"},"res":{"statusCode":200},"responseTime":44,"msg":"request completed"}
{"level":30,"time":1790828334695,"service":"shop-api","reqId":"661f635c-d2fc-467e-8760-7ea07ff18dce","req":{"method":"POST","url":"/api/quote"},"res":{"statusCode":200},"responseTime":18,"msg":"request completed"}
{"level":30,"time":1790828341660,"service":"shop-api","reqId":"b8e85f47-9606-4c39-b2db-8bee0b98453a","req":{"method":"GET","url":"/api/products"},"res":{"statusCode":200},"responseTime":29,"msg":"request completed"}
{"level":30,"time":1790828346317,"service":"shop-api","reqId":"8c6b8d27-344d-449d-a55f-5f273a2356ac","req":{"method":"GET","url":"/api/orders/783"},"res":{"statusCode":200},"responseTime":22,"msg":"request completed"}
{"level":30,"time":1790828355893,"service":"shop-api","reqId":"fb9653e8-11f0-485e-9e55-164aad0ecd94","req":{"method":"GET","url":"/api/products"},"res":{"statusCode":200},"responseTime":20,"msg":"request completed"}
{"level":30,"time":1790828361213,"service":"shop-api","reqId":"b178eb8b-81cb-4740-a177-809955e394ef","req":{"method":"POST","url":"/api/quote"},"res":{"statusCode":200},"responseTime":29,"msg":"request completed"}
{"level":30,"time":1790828363985,"service":"shop-api","reqId":"bc55cb9d-90df-481c-b6a2-1b9f0948a7fa","req":{"method":"GET","url":"/api/products"},"res":{"statusCode":200},"responseTime":8,"msg":"request completed"}
{"level":30,"time":1790828367807,"service":"shop-api","reqId":"57c15561-a9ad-47b1-990b-274f4a22efb1","req":{"method":"GET","url":"/api/products"},"res":{"statusCode":200},"responseTime":22,"msg":"request completed"}
{"level":30,"time":1790828374893,"service":"shop-api","reqId":"18f2babd-ea24-4fa5-b333-56a5c6c2871f","req":{"method":"GET","url":"/api/products"},"res":{"statusCode":200},"responseTime":15,"msg":"request completed"}
{"level":30,"time":1790828406122,"service":"shop-api","reqId":"e2088750-6d9f-4617-a140-e0b90bd6f7e3","req":{"method":"GET","url":"/api/products/8"},"res":{"statusCode":200},"responseTime":11,"msg":"request completed"}
{"level":30,"time":1790828430018,"service":"shop-api","reqId":"c9627717-320e-4ccc-a277-65dbeeb8b47b","req":{"method":"GET","url":"/api/products/1"},"res":{"statusCode":200},"responseTime":13,"msg":"request completed"}
{"level":30,"time":1790828430802,"service":"shop-api","reqId":"e3d68f01-598d-4394-a2a5-d7fb116ff5b6","req":{"method":"GET","url":"/api/products/14"},"res":{"statusCode":404},"responseTime":19,"msg":"request completed"}
{"level":30,"time":1790828448453,"service":"shop-api","reqId":"0e51d514-a9d9-41b9-b84f-584cd8de13d5","req":{"method":"POST","url":"/api/quote"},"res":{"statusCode":200},"responseTime":24,"msg":"request completed"}
{"level":30,"time":1790828449585,"service":"shop-api","reqId":"0ad3417d-5fbe-4981-84cd-0f11796532cc","req":{"method":"GET","url":"/api/products"},"res":{"statusCode":200},"responseTime":31,"msg":"request completed"}
{"level":30,"time":1790828453141,"service":"shop-api","reqId":"b6a5cf85-b27f-4c0b-9eb0-20088223e7a4","req":{"method":"PUT","url":"/api/cart/items/5"},"res":{"statusCode":409},"responseTime":27,"msg":"request completed"}
{"level":30,"time":1790828454194,"service":"shop-api","reqId":"9698b9cc-010e-49b0-b8a3-82a22a115367","req":{"method":"GET","url":"/api/products"},"res":{"statusCode":200},"responseTime":32,"msg":"request completed"}
{"level":30,"time":1790828476367,"service":"shop-api","reqId":"b703afb7-6d8a-4d6e-aefe-0eae28439252","req":{"method":"GET","url":"/api/products/14"},"res":{"statusCode":404},"responseTime":18,"msg":"request completed"}
{"level":30,"time":1790828494105,"service":"shop-api","reqId":"d7fc103b-3728-4d0b-b648-1a7a2bf58fd5","req":{"method":"GET","url":"/api/products/13"},"res":{"statusCode":404},"responseTime":14,"msg":"request completed"}
{"level":30,"time":1790828495059,"service":"shop-api","reqId":"c632f1f2-806c-4c8d-ae13-0a720a1bc1f4","req":{"method":"GET","url":"/api/products"},"res":{"statusCode":200},"responseTime":15,"msg":"request completed"}
{"level":30,"time":1790828501051,"service":"shop-api","reqId":"e93c7a3d-054d-45c3-8acc-0e429625dcc0","req":{"method":"GET","url":"/api/products"},"res":{"statusCode":200},"responseTime":26,"msg":"request completed"}
{"level":30,"time":1790828520794,"service":"shop-api","reqId":"7e136446-d6ef-45a3-9967-973b0f1152d4","req":{"method":"GET","url":"/api/products"},"res":{"statusCode":200},"responseTime":14,"msg":"request completed"}
{"level":30,"time":1790828523752,"service":"shop-api","reqId":"1b9ba898-5f2d-4bf3-886d-6579c46451a5","req":{"method":"GET","url":"/api/products/12"},"res":{"statusCode":200},"responseTime":6,"msg":"request completed"}
{"level":30,"time":1790828550691,"service":"shop-api","reqId":"f039eb26-c8ba-4aef-9660-2c1c7ef6cbe5","orderId":808,"amount":84000,"msg":"payment requested"}
{"level":30,"time":1790828550695,"service":"shop-api","reqId":"f039eb26-c8ba-4aef-9660-2c1c7ef6cbe5","attempt":1,"gatewayTxId":"GW-6F8AB1","msg":"gateway call"}
{"level":30,"time":1790828550730,"service":"shop-api","reqId":"f039eb26-c8ba-4aef-9660-2c1c7ef6cbe5","orderId":808,"gatewayTxId":"GW-6F8AB1","msg":"payment approved"}
{"level":30,"time":1790828550733,"service":"shop-api","reqId":"f039eb26-c8ba-4aef-9660-2c1c7ef6cbe5","req":{"method":"POST","url":"/api/orders/808/pay"},"res":{"statusCode":200},"responseTime":44,"msg":"request completed"}
{"level":30,"time":1790828556559,"service":"shop-api","reqId":"7f1a2a95-536d-4f68-a5db-6d9634a32a45","req":{"method":"POST","url":"/api/orders"},"res":{"statusCode":201},"responseTime":82,"msg":"request completed"}
{"level":30,"time":1790828559369,"service":"shop-api","reqId":"208f0eb8-a87d-4655-bf6e-914c3a0a7ad2","req":{"method":"GET","url":"/api/products/4"},"res":{"statusCode":200},"responseTime":14,"msg":"request completed"}
{"level":30,"time":1790828578774,"service":"shop-api","reqId":"1f1f6821-8bd7-4b42-983d-16ca807bddc6","req":{"method":"POST","url":"/api/quote"},"res":{"statusCode":200},"responseTime":40,"msg":"request completed"}
{"level":30,"time":1790828581205,"service":"shop-api","reqId":"2f5facac-3249-4465-ba15-0c508bacb625","orderId":809,"amount":12000,"msg":"payment requested"}
{"level":30,"time":1790828581209,"service":"shop-api","reqId":"2f5facac-3249-4465-ba15-0c508bacb625","attempt":1,"gatewayTxId":"GW-AFD835","msg":"gateway call"}
{"level":30,"time":1790828581244,"service":"shop-api","reqId":"2f5facac-3249-4465-ba15-0c508bacb625","orderId":809,"gatewayTxId":"GW-AFD835","msg":"payment approved"}
{"level":30,"time":1790828581247,"service":"shop-api","reqId":"2f5facac-3249-4465-ba15-0c508bacb625","req":{"method":"POST","url":"/api/orders/809/pay"},"res":{"statusCode":200},"responseTime":44,"msg":"request completed"}
{"level":30,"time":1790828634305,"service":"shop-api","reqId":"0e12093f-ee2f-47b6-9c36-356e8b9be30d","orderId":810,"amount":60000,"msg":"payment requested"}
{"level":30,"time":1790828634309,"service":"shop-api","reqId":"0e12093f-ee2f-47b6-9c36-356e8b9be30d","attempt":1,"gatewayTxId":"GW-B47DCF","msg":"gateway call"}
{"level":30,"time":1790828634344,"service":"shop-api","reqId":"0e12093f-ee2f-47b6-9c36-356e8b9be30d","orderId":810,"gatewayTxId":"GW-B47DCF","msg":"payment approved"}
{"level":30,"time":1790828634347,"service":"shop-api","reqId":"0e12093f-ee2f-47b6-9c36-356e8b9be30d","req":{"method":"POST","url":"/api/orders/810/pay"},"res":{"statusCode":200},"responseTime":44,"msg":"request completed"}
{"level":30,"time":1790828635131,"service":"shop-api","reqId":"c6a6cf56-80ac-4d20-a381-207e57fed578","req":{"method":"POST","url":"/api/orders"},"res":{"statusCode":201},"responseTime":62,"msg":"request completed"}
{"level":30,"time":1790828636140,"service":"shop-api","reqId":"963f7ab8-4173-423c-8db0-789d6b3608ea","req":{"method":"GET","url":"/api/products"},"res":{"statusCode":200},"responseTime":8,"msg":"request completed"}
{"level":30,"time":1790828676835,"service":"shop-api","reqId":"f9e0db37-7562-491c-b094-98e34cb9e62a","req":{"method":"POST","url":"/api/orders"},"res":{"statusCode":201},"responseTime":44,"msg":"request completed"}
{"level":30,"time":1790828682765,"service":"shop-api","reqId":"e976654c-c7d0-49bf-87f4-e32c96da87d7","req":{"method":"POST","url":"/api/orders"},"res":{"statusCode":201},"responseTime":46,"msg":"request completed"}
{"level":30,"time":1790828691131,"service":"shop-api","reqId":"578c1b04-ace4-48ab-87b4-bb8df134c3bb","req":{"method":"GET","url":"/api/products"},"res":{"statusCode":200},"responseTime":34,"msg":"request completed"}
{"level":30,"time":1790828691713,"service":"shop-api","reqId":"d89b1ac7-9656-407b-996a-4d9e990189ed","req":{"method":"GET","url":"/api/products"},"res":{"statusCode":200},"responseTime":20,"msg":"request completed"}
{"level":30,"time":1790828699036,"service":"shop-api","reqId":"ef5dcb4a-2afa-47b3-b4ce-27c7211a4876","req":{"method":"GET","url":"/api/products"},"res":{"statusCode":200},"responseTime":14,"msg":"request completed"}
{"level":30,"time":1790828700087,"service":"shop-api","reqId":"c9f0aafd-ef13-468a-a5e9-ee33bcbad059","req":{"method":"GET","url":"/api/products/6"},"res":{"statusCode":200},"responseTime":8,"msg":"request completed"}
{"level":30,"time":1790828711513,"service":"shop-api","reqId":"2b30e443-cf91-4ae0-a157-f93c7bc9f9a6","req":{"method":"POST","url":"/api/quote"},"res":{"statusCode":200},"responseTime":35,"msg":"request completed"}
{"level":30,"time":1790828713632,"service":"shop-api","reqId":"748108a9-564d-4671-9b9f-f03a13fc2596","req":{"method":"GET","url":"/api/products"},"res":{"statusCode":200},"responseTime":25,"msg":"request completed"}
{"level":30,"time":1790828739306,"service":"shop-api","reqId":"cf455a9f-cde0-4a24-90f1-ad447f2818b2","req":{"method":"GET","url":"/api/products"},"res":{"statusCode":200},"responseTime":8,"msg":"request completed"}
{"level":30,"time":1790828770113,"service":"shop-api","reqId":"5bae16d9-113c-43ed-b8eb-8889599ccc36","req":{"method":"POST","url":"/api/auth/login"},"res":{"statusCode":200},"responseTime":117,"msg":"request completed"}
{"level":30,"time":1790828809642,"service":"shop-api","reqId":"86839621-1e27-4f7c-b0b1-a00945fec955","req":{"method":"POST","url":"/api/quote"},"res":{"statusCode":200},"responseTime":39,"msg":"request completed"}
{"level":30,"time":1790828813134,"service":"shop-api","reqId":"9eddb04e-d59b-4933-a079-2113f4e079a4","req":{"method":"GET","url":"/api/products"},"res":{"statusCode":200},"responseTime":15,"msg":"request completed"}
{"level":30,"time":1790828837917,"service":"shop-api","reqId":"5182a2f1-b405-4ec7-b9d6-a6b4109d8cd5","req":{"method":"PUT","url":"/api/cart/items/2"},"res":{"statusCode":200},"responseTime":27,"msg":"request completed"}
{"level":30,"time":1790828846706,"service":"shop-api","reqId":"f0c1e772-b54c-4f35-8035-74d419d06813","req":{"method":"GET","url":"/api/products"},"res":{"statusCode":200},"responseTime":25,"msg":"request completed"}
{"level":30,"time":1790828859006,"service":"shop-api","reqId":"5ce6a8cb-47ae-4369-bc26-61a29234b8aa","req":{"method":"POST","url":"/api/orders"},"res":{"statusCode":201},"responseTime":23,"msg":"request completed"}
{"level":30,"time":1790828886330,"service":"shop-api","reqId":"8472a128-0f3d-4e1b-a11b-fcd81bf3cedd","req":{"method":"POST","url":"/api/quote"},"res":{"statusCode":200},"responseTime":22,"msg":"request completed"}
{"level":30,"time":1790828905654,"service":"shop-api","reqId":"c107d57b-4835-41ac-a28b-313e1a300898","req":{"method":"GET","url":"/api/products"},"res":{"statusCode":200},"responseTime":33,"msg":"request completed"}
{"level":30,"time":1790828916082,"service":"shop-api","reqId":"0ba99e5e-410a-46c3-b55f-0c2fb74603b7","orderId":811,"amount":102000,"msg":"payment requested"}
{"level":30,"time":1790828916086,"service":"shop-api","reqId":"0ba99e5e-410a-46c3-b55f-0c2fb74603b7","attempt":1,"gatewayTxId":"GW-9087B5","msg":"gateway call"}
{"level":30,"time":1790828916121,"service":"shop-api","reqId":"0ba99e5e-410a-46c3-b55f-0c2fb74603b7","orderId":811,"gatewayTxId":"GW-9087B5","msg":"payment approved"}
{"level":30,"time":1790828916124,"service":"shop-api","reqId":"0ba99e5e-410a-46c3-b55f-0c2fb74603b7","req":{"method":"POST","url":"/api/orders/811/pay"},"res":{"statusCode":200},"responseTime":44,"msg":"request completed"}
{"level":30,"time":1790828925772,"service":"shop-api","reqId":"0a711a05-8120-4727-9c57-22eee03bb648","req":{"method":"PUT","url":"/api/cart/items/8"},"res":{"statusCode":200},"responseTime":35,"msg":"request completed"}
{"level":30,"time":1790828932726,"service":"shop-api","reqId":"63bd3075-261e-4c8d-849e-5afcbae13d2a","req":{"method":"GET","url":"/api/products"},"res":{"statusCode":200},"responseTime":30,"msg":"request completed"}
{"level":30,"time":1790828941747,"service":"shop-api","reqId":"6889c731-1665-4acf-8334-162255093de3","req":{"method":"POST","url":"/api/quote"},"res":{"statusCode":200},"responseTime":40,"msg":"request completed"}
{"level":30,"time":1790828946587,"service":"shop-api","reqId":"172616c7-67fe-42f0-a7ad-7e1ef0f9a4c2","orderId":812,"amount":72000,"msg":"payment requested"}
{"level":30,"time":1790828946591,"service":"shop-api","reqId":"172616c7-67fe-42f0-a7ad-7e1ef0f9a4c2","attempt":1,"gatewayTxId":"GW-3F74D9","msg":"gateway call"}
{"level":30,"time":1790828946626,"service":"shop-api","reqId":"172616c7-67fe-42f0-a7ad-7e1ef0f9a4c2","orderId":812,"gatewayTxId":"GW-3F74D9","msg":"payment approved"}
{"level":30,"time":1790828946629,"service":"shop-api","reqId":"172616c7-67fe-42f0-a7ad-7e1ef0f9a4c2","req":{"method":"POST","url":"/api/orders/812/pay"},"res":{"statusCode":200},"responseTime":44,"msg":"request completed"}
{"level":30,"time":1790828951015,"service":"shop-api","reqId":"fc936d2a-d74b-4324-99c7-184e3a123469","req":{"method":"POST","url":"/api/quote"},"res":{"statusCode":200},"responseTime":21,"msg":"request completed"}
{"level":30,"time":1790828971425,"service":"shop-api","reqId":"38f6fe6d-7f96-44f6-9920-014bba4b01f9","req":{"method":"GET","url":"/api/products"},"res":{"statusCode":200},"responseTime":15,"msg":"request completed"}
{"level":30,"time":1790828974493,"service":"shop-api","reqId":"1180b54d-3477-4e6d-8e16-9be24a684c9b","req":{"method":"POST","url":"/api/quote"},"res":{"statusCode":200},"responseTime":31,"msg":"request completed"}
{"level":30,"time":1790828978117,"service":"shop-api","reqId":"c65af5d3-52d4-4dde-af49-d9dd7758598f","orderId":813,"amount":97000,"msg":"payment requested"}
{"level":30,"time":1790828978121,"service":"shop-api","reqId":"c65af5d3-52d4-4dde-af49-d9dd7758598f","attempt":1,"gatewayTxId":"GW-24F652","msg":"gateway call"}
{"level":30,"time":1790828978156,"service":"shop-api","reqId":"c65af5d3-52d4-4dde-af49-d9dd7758598f","orderId":813,"gatewayTxId":"GW-24F652","msg":"payment approved"}
{"level":30,"time":1790828978159,"service":"shop-api","reqId":"c65af5d3-52d4-4dde-af49-d9dd7758598f","req":{"method":"POST","url":"/api/orders/813/pay"},"res":{"statusCode":200},"responseTime":44,"msg":"request completed"}
{"level":30,"time":1790828984228,"service":"shop-api","reqId":"c9e43a21-4268-40fb-a513-11fbc00e38ea","req":{"method":"POST","url":"/api/orders"},"res":{"statusCode":201},"responseTime":20,"msg":"request completed"}
{"level":30,"time":1790829003574,"service":"shop-api","reqId":"3eb1a87a-6f31-443d-83c1-fce177e61a05","req":{"method":"GET","url":"/api/products"},"res":{"statusCode":200},"responseTime":32,"msg":"request completed"}
{"level":30,"time":1790829048173,"service":"shop-api","reqId":"6fa9780c-de67-4528-9edd-1c2de5cceda1","req":{"method":"POST","url":"/api/quote"},"res":{"statusCode":200},"responseTime":17,"msg":"request completed"}
{"level":30,"time":1790829051396,"service":"shop-api","reqId":"3a6edded-9046-4359-a644-06fd86cdc9bb","req":{"method":"PUT","url":"/api/cart/items/2"},"res":{"statusCode":400},"responseTime":25,"msg":"request completed"}
{"level":30,"time":1790829099933,"service":"shop-api","reqId":"ca2e5091-bce5-43ab-86ee-98bfc9d09f76","req":{"method":"POST","url":"/api/orders"},"res":{"statusCode":201},"responseTime":28,"msg":"request completed"}
{"level":30,"time":1790829104474,"service":"shop-api","reqId":"46c0db60-879e-4207-8a0b-d3d34eeccd8b","orderId":814,"amount":42000,"msg":"payment requested"}
{"level":30,"time":1790829104478,"service":"shop-api","reqId":"46c0db60-879e-4207-8a0b-d3d34eeccd8b","attempt":1,"gatewayTxId":"GW-74AEE1","msg":"gateway call"}
{"level":30,"time":1790829104513,"service":"shop-api","reqId":"46c0db60-879e-4207-8a0b-d3d34eeccd8b","orderId":814,"gatewayTxId":"GW-74AEE1","msg":"payment approved"}
{"level":30,"time":1790829104516,"service":"shop-api","reqId":"46c0db60-879e-4207-8a0b-d3d34eeccd8b","req":{"method":"POST","url":"/api/orders/814/pay"},"res":{"statusCode":200},"responseTime":44,"msg":"request completed"}
{"level":30,"time":1790829108900,"service":"shop-api","reqId":"4563f78a-745c-4c62-8fba-c307f588f9c6","req":{"method":"PUT","url":"/api/cart/items/5"},"res":{"statusCode":200},"responseTime":35,"msg":"request completed"}
{"level":30,"time":1790829110922,"service":"shop-api","reqId":"ea564170-1ecc-4c47-a996-5ec0c5bd5f6b","req":{"method":"POST","url":"/api/auth/login"},"res":{"statusCode":200},"responseTime":63,"msg":"request completed"}
{"level":30,"time":1790829138719,"service":"shop-api","reqId":"c4c44ec5-d0ab-4d1c-86a1-a4b4b40e99bc","req":{"method":"GET","url":"/api/products"},"res":{"statusCode":200},"responseTime":27,"msg":"request completed"}
{"level":30,"time":1790829181570,"service":"shop-api","reqId":"3c3a604d-80e2-47a1-b3d5-7add79e8ff81","req":{"method":"GET","url":"/api/products/12"},"res":{"statusCode":200},"responseTime":10,"msg":"request completed"}
{"level":30,"time":1790829188659,"service":"shop-api","reqId":"9b98da87-7742-455d-b58e-ad59ff0d7820","orderId":815,"amount":102000,"msg":"payment requested"}
{"level":30,"time":1790829188663,"service":"shop-api","reqId":"9b98da87-7742-455d-b58e-ad59ff0d7820","attempt":1,"gatewayTxId":"GW-E681F2","msg":"gateway call"}
{"level":30,"time":1790829188698,"service":"shop-api","reqId":"9b98da87-7742-455d-b58e-ad59ff0d7820","orderId":815,"gatewayTxId":"GW-E681F2","msg":"payment approved"}
{"level":30,"time":1790829188701,"service":"shop-api","reqId":"9b98da87-7742-455d-b58e-ad59ff0d7820","req":{"method":"POST","url":"/api/orders/815/pay"},"res":{"statusCode":200},"responseTime":44,"msg":"request completed"}
{"level":30,"time":1790829203466,"service":"shop-api","reqId":"89503215-e099-40a6-b581-100d3b1539fd","req":{"method":"GET","url":"/api/products"},"res":{"statusCode":200},"responseTime":24,"msg":"request completed"}
{"level":30,"time":1790829222829,"service":"shop-api","reqId":"8bf9f2cd-24ea-420b-a796-a7aacd47615c","req":{"method":"GET","url":"/api/products"},"res":{"statusCode":200},"responseTime":14,"msg":"request completed"}
{"level":30,"time":1790829235002,"service":"shop-api","reqId":"a14bf620-b7c1-429d-9799-8c52a616c5f6","req":{"method":"GET","url":"/api/products/13"},"res":{"statusCode":404},"responseTime":4,"msg":"request completed"}
{"level":30,"time":1790829244876,"service":"shop-api","reqId":"f1b092a6-e477-49f6-bba0-d5cf175133ea","orderId":816,"amount":110000,"msg":"payment requested"}
{"level":30,"time":1790829244880,"service":"shop-api","reqId":"f1b092a6-e477-49f6-bba0-d5cf175133ea","attempt":1,"gatewayTxId":"GW-8E0D9F","msg":"gateway call"}
{"level":30,"time":1790829244915,"service":"shop-api","reqId":"f1b092a6-e477-49f6-bba0-d5cf175133ea","orderId":816,"gatewayTxId":"GW-8E0D9F","msg":"payment approved"}
{"level":30,"time":1790829244918,"service":"shop-api","reqId":"f1b092a6-e477-49f6-bba0-d5cf175133ea","req":{"method":"POST","url":"/api/orders/816/pay"},"res":{"statusCode":200},"responseTime":44,"msg":"request completed"}
{"level":30,"time":1790829251125,"service":"shop-api","reqId":"9fda1e3f-e540-47af-81c9-a201f3805288","req":{"method":"POST","url":"/api/orders"},"res":{"statusCode":201},"responseTime":62,"msg":"request completed"}
{"level":30,"time":1790829287411,"service":"shop-api","reqId":"1f3f5154-a0d3-4b6c-9049-58cd38686d86","req":{"method":"POST","url":"/api/auth/login"},"res":{"statusCode":200},"responseTime":77,"msg":"request completed"}
{"level":30,"time":1790829309872,"service":"shop-api","reqId":"39b1382d-aba8-4de3-9af8-182c77d28dbd","req":{"method":"PUT","url":"/api/cart/items/4"},"res":{"statusCode":400},"responseTime":32,"msg":"request completed"}
{"level":30,"time":1790829314690,"service":"shop-api","reqId":"d90290f0-dfe2-46c7-9bc0-e1e70483470c","req":{"method":"GET","url":"/api/products"},"res":{"statusCode":200},"responseTime":27,"msg":"request completed"}
{"level":30,"time":1790829320201,"service":"shop-api","reqId":"58e702d2-ffdb-46fc-bdfb-e5177ee8c0d6","req":{"method":"GET","url":"/api/products/10"},"res":{"statusCode":200},"responseTime":7,"msg":"request completed"}
{"level":30,"time":1790829332783,"service":"shop-api","reqId":"bf9b4dc6-d3d1-4fbe-a0d4-a36d925222cf","req":{"method":"GET","url":"/api/products/5"},"res":{"statusCode":200},"responseTime":9,"msg":"request completed"}
{"level":30,"time":1790829355582,"service":"shop-api","reqId":"b6c20a7a-6548-4351-b01a-41fdefefbede","req":{"method":"POST","url":"/api/auth/login"},"res":{"statusCode":200},"responseTime":40,"msg":"request completed"}
{"level":30,"time":1790829360157,"service":"shop-api","reqId":"b2fff3c8-c7c6-4c2c-b2b5-30cca20e621c","req":{"method":"GET","url":"/api/products"},"res":{"statusCode":200},"responseTime":14,"msg":"request completed"}
{"level":30,"time":1790829362653,"service":"shop-api","reqId":"4e4934d2-e7e3-4ae5-b3ce-155062fdeb51","req":{"method":"GET","url":"/api/products/10"},"res":{"statusCode":200},"responseTime":20,"msg":"request completed"}
{"level":30,"time":1790829378247,"service":"shop-api","reqId":"597fb26a-d092-423d-9398-3256357f1658","orderId":817,"amount":34000,"msg":"payment requested"}
{"level":30,"time":1790829378251,"service":"shop-api","reqId":"597fb26a-d092-423d-9398-3256357f1658","attempt":1,"gatewayTxId":"GW-C0AC88","msg":"gateway call"}
{"level":30,"time":1790829378286,"service":"shop-api","reqId":"597fb26a-d092-423d-9398-3256357f1658","orderId":817,"gatewayTxId":"GW-C0AC88","msg":"payment approved"}
{"level":30,"time":1790829378289,"service":"shop-api","reqId":"597fb26a-d092-423d-9398-3256357f1658","req":{"method":"POST","url":"/api/orders/817/pay"},"res":{"statusCode":200},"responseTime":44,"msg":"request completed"}
{"level":30,"time":1790829385868,"service":"shop-api","reqId":"e5aea181-79d8-4c82-abf7-f9a36e057722","orderId":818,"amount":96000,"msg":"payment requested"}
{"level":30,"time":1790829385872,"service":"shop-api","reqId":"e5aea181-79d8-4c82-abf7-f9a36e057722","attempt":1,"gatewayTxId":"GW-34AC3A","msg":"gateway call"}
{"level":30,"time":1790829385907,"service":"shop-api","reqId":"e5aea181-79d8-4c82-abf7-f9a36e057722","orderId":818,"gatewayTxId":"GW-34AC3A","msg":"payment approved"}
{"level":30,"time":1790829385910,"service":"shop-api","reqId":"e5aea181-79d8-4c82-abf7-f9a36e057722","req":{"method":"POST","url":"/api/orders/818/pay"},"res":{"statusCode":200},"responseTime":44,"msg":"request completed"}
{"level":30,"time":1790829387152,"service":"shop-api","reqId":"57a7ed3d-167e-40e9-9593-c5f29f0de1a0","req":{"method":"GET","url":"/api/products"},"res":{"statusCode":200},"responseTime":22,"msg":"request completed"}
{"level":30,"time":1790829396200,"service":"shop-api","reqId":"cd65da47-6071-494a-ba84-882cee214cce","req":{"method":"POST","url":"/api/quote"},"res":{"statusCode":200},"responseTime":42,"msg":"request completed"}
{"level":30,"time":1790829396238,"service":"shop-api","reqId":"b5c90051-0b9e-4df2-9d98-f3317373742c","req":{"method":"GET","url":"/api/products"},"res":{"statusCode":200},"responseTime":27,"msg":"request completed"}
{"level":30,"time":1790829401426,"service":"shop-api","reqId":"4161dcb5-a3fa-4c91-afcf-b26bc9a63082","req":{"method":"POST","url":"/api/orders"},"res":{"statusCode":201},"responseTime":77,"msg":"request completed"}
{"level":30,"time":1790829427641,"service":"shop-api","reqId":"a672a16d-de62-44ea-a252-bceab1b9c9e2","req":{"method":"GET","url":"/api/products"},"res":{"statusCode":200},"responseTime":8,"msg":"request completed"}
{"level":30,"time":1790829438238,"service":"shop-api","reqId":"6d8549bc-2ca6-4128-883e-ecaea55995ee","req":{"method":"GET","url":"/api/products"},"res":{"statusCode":200},"responseTime":22,"msg":"request completed"}
{"level":30,"time":1790829439292,"service":"shop-api","reqId":"c9707957-aeec-461c-adc6-6b1e534f7e70","req":{"method":"GET","url":"/api/products"},"res":{"statusCode":200},"responseTime":34,"msg":"request completed"}
{"level":30,"time":1790829444249,"service":"shop-api","reqId":"cb5e3907-b7ff-4802-8013-c604969d6db5","req":{"method":"GET","url":"/api/products"},"res":{"statusCode":200},"responseTime":34,"msg":"request completed"}
{"level":30,"time":1790829446882,"service":"shop-api","reqId":"d97f0fd8-e7d4-4cc1-af2b-72e3bde125e8","req":{"method":"GET","url":"/api/products"},"res":{"statusCode":200},"responseTime":27,"msg":"request completed"}
{"level":30,"time":1790829466847,"service":"shop-api","reqId":"6f09625e-b17c-4aee-ad9d-a1b694a8d2fd","req":{"method":"PUT","url":"/api/cart/items/5"},"res":{"statusCode":200},"responseTime":20,"msg":"request completed"}
{"level":30,"time":1790829480832,"service":"shop-api","reqId":"21ee7bad-7959-47a3-959b-62da54f54b0c","req":{"method":"GET","url":"/api/orders/817"},"res":{"statusCode":200},"responseTime":13,"msg":"request completed"}
{"level":30,"time":1790829546900,"service":"shop-api","reqId":"ec6e7ccd-8f7c-47b8-b7a7-61757beb7016","req":{"method":"PUT","url":"/api/cart/items/7"},"res":{"statusCode":200},"responseTime":35,"msg":"request completed"}
{"level":30,"time":1790829550123,"service":"shop-api","reqId":"7722856a-7a3c-4b98-a918-01d748daf3a7","req":{"method":"PUT","url":"/api/cart/items/5"},"res":{"statusCode":200},"responseTime":16,"msg":"request completed"}
{"level":30,"time":1790829560891,"service":"shop-api","reqId":"8b4c4226-4df8-4e48-b529-0ae1d118869b","req":{"method":"POST","url":"/api/quote"},"res":{"statusCode":200},"responseTime":33,"msg":"request completed"}
{"level":30,"time":1790829571690,"service":"shop-api","reqId":"e4f082ef-f8a0-4177-8d80-5c52d9bb860e","req":{"method":"GET","url":"/api/products"},"res":{"statusCode":200},"responseTime":13,"msg":"request completed"}
{"level":30,"time":1790829584355,"service":"shop-api","reqId":"f02c4c21-67b9-4b0b-8cdf-443488783ccf","req":{"method":"POST","url":"/api/quote"},"res":{"statusCode":200},"responseTime":11,"msg":"request completed"}
{"level":30,"time":1790829585829,"service":"shop-api","reqId":"ee38abcd-1d0c-4e5e-a8c6-8a8c7dfad3ec","req":{"method":"POST","url":"/api/quote"},"res":{"statusCode":200},"responseTime":37,"msg":"request completed"}
{"level":30,"time":1790829589597,"service":"shop-api","reqId":"af3cbb30-4e10-4fbd-aa5c-0506f2d4f72a","req":{"method":"GET","url":"/api/products/11"},"res":{"statusCode":200},"responseTime":10,"msg":"request completed"}
{"level":30,"time":1790829593264,"service":"shop-api","reqId":"9677c6b1-7e14-401e-9371-1d6c0bedd840","req":{"method":"POST","url":"/api/quote"},"res":{"statusCode":200},"responseTime":23,"msg":"request completed"}
{"level":30,"time":1790829614311,"service":"shop-api","reqId":"445430bc-9e8a-4c4c-919a-580810dbb5c4","req":{"method":"POST","url":"/api/orders"},"res":{"statusCode":201},"responseTime":34,"msg":"request completed"}
{"level":30,"time":1790829636969,"service":"shop-api","reqId":"b03e1dd0-a485-4503-9220-7f015eb7a3f0","req":{"method":"GET","url":"/api/products/4"},"res":{"statusCode":200},"responseTime":8,"msg":"request completed"}
{"level":30,"time":1790829637535,"service":"shop-api","reqId":"ade06bad-7834-4b40-85df-7254a3402f5e","req":{"method":"PUT","url":"/api/cart/items/3"},"res":{"statusCode":400},"responseTime":31,"msg":"request completed"}
{"level":30,"time":1790829642498,"service":"shop-api","reqId":"94fe2196-84f8-4241-9d6e-2afac34170d1","req":{"method":"POST","url":"/api/orders"},"res":{"statusCode":201},"responseTime":29,"msg":"request completed"}
{"level":30,"time":1790829653655,"service":"shop-api","reqId":"91e2f867-2358-45e6-8c8a-86bd1eb28e4c","req":{"method":"GET","url":"/api/products/9"},"res":{"statusCode":200},"responseTime":18,"msg":"request completed"}
{"level":30,"time":1790829686040,"service":"shop-api","reqId":"323c067d-aae1-4b65-92c4-6a899effd63f","req":{"method":"GET","url":"/api/products/3"},"res":{"statusCode":200},"responseTime":11,"msg":"request completed"}
{"level":30,"time":1790829697304,"service":"shop-api","reqId":"4822dc51-4f24-42a1-9366-ad132bb0d3f6","req":{"method":"POST","url":"/api/quote"},"res":{"statusCode":200},"responseTime":32,"msg":"request completed"}
{"level":30,"time":1790829751962,"service":"shop-api","reqId":"1c0d3cd3-bc85-4f41-90fa-9ef3e8af3676","req":{"method":"GET","url":"/api/products"},"res":{"statusCode":200},"responseTime":32,"msg":"request completed"}
{"level":30,"time":1790829805355,"service":"shop-api","reqId":"956dcbcc-6bdb-414d-ad9a-2cafad1353d1","req":{"method":"PUT","url":"/api/cart/items/9"},"res":{"statusCode":200},"responseTime":20,"msg":"request completed"}
{"level":30,"time":1790829805593,"service":"shop-api","reqId":"d0532c30-7b2a-4027-b701-8bd0a8d635e5","req":{"method":"GET","url":"/api/products/10"},"res":{"statusCode":200},"responseTime":12,"msg":"request completed"}
{"level":30,"time":1790829811079,"service":"shop-api","reqId":"366b8f41-7341-4d0a-87c1-0cd9d426aada","req":{"method":"PUT","url":"/api/cart/items/5"},"res":{"statusCode":200},"responseTime":25,"msg":"request completed"}
{"level":30,"time":1790829837574,"service":"shop-api","reqId":"f384dbc4-1185-4429-8fd1-bf0f070885fd","req":{"method":"GET","url":"/api/products"},"res":{"statusCode":200},"responseTime":30,"msg":"request completed"}
{"level":30,"time":1790829845627,"service":"shop-api","reqId":"262b5f7c-cc69-4082-b044-6f08739610a8","req":{"method":"GET","url":"/api/products/7"},"res":{"statusCode":200},"responseTime":12,"msg":"request completed"}
{"level":30,"time":1790829894561,"service":"shop-api","reqId":"afbb3633-8fd6-4726-a9de-5a06bb506a29","req":{"method":"GET","url":"/api/products/5"},"res":{"statusCode":200},"responseTime":16,"msg":"request completed"}
{"level":30,"time":1790829900914,"service":"shop-api","reqId":"43b6027a-801b-4d89-bbbd-4d36bf389c0f","req":{"method":"POST","url":"/api/quote"},"res":{"statusCode":200},"responseTime":27,"msg":"request completed"}
{"level":30,"time":1790829902470,"service":"shop-api","reqId":"4cee730f-e7a2-4aba-9504-7723163ca870","req":{"method":"GET","url":"/api/products"},"res":{"statusCode":200},"responseTime":15,"msg":"request completed"}
{"level":30,"time":1790829902527,"service":"shop-api","reqId":"3bfbfddf-a0b9-4b4a-9a9f-a9fdc6fdd1e7","req":{"method":"GET","url":"/api/orders/871"},"res":{"statusCode":200},"responseTime":18,"msg":"request completed"}
{"level":30,"time":1790829918127,"service":"shop-api","reqId":"f1b67381-94a5-493a-a743-267f4535da08","req":{"method":"POST","url":"/api/quote"},"res":{"statusCode":200},"responseTime":16,"msg":"request completed"}
{"level":30,"time":1790829924458,"service":"shop-api","reqId":"3a818a00-f328-4127-9459-1e789181237c","req":{"method":"PUT","url":"/api/cart/items/4"},"res":{"statusCode":200},"responseTime":20,"msg":"request completed"}
{"level":30,"time":1790829924627,"service":"shop-api","reqId":"f9e2c4f5-040f-4cf5-9f6f-12bff9d974c3","orderId":819,"amount":87000,"msg":"payment requested"}
{"level":30,"time":1790829924631,"service":"shop-api","reqId":"f9e2c4f5-040f-4cf5-9f6f-12bff9d974c3","attempt":1,"gatewayTxId":"GW-191EDE","msg":"gateway call"}
{"level":30,"time":1790829924666,"service":"shop-api","reqId":"f9e2c4f5-040f-4cf5-9f6f-12bff9d974c3","orderId":819,"gatewayTxId":"GW-191EDE","msg":"payment approved"}
{"level":30,"time":1790829924669,"service":"shop-api","reqId":"f9e2c4f5-040f-4cf5-9f6f-12bff9d974c3","req":{"method":"POST","url":"/api/orders/819/pay"},"res":{"statusCode":200},"responseTime":44,"msg":"request completed"}
{"level":30,"time":1790829928582,"service":"shop-api","reqId":"e50ae90b-fd38-4f64-b23b-a6c78b78a5a1","req":{"method":"GET","url":"/api/products"},"res":{"statusCode":200},"responseTime":18,"msg":"request completed"}
{"level":30,"time":1790829963392,"service":"shop-api","reqId":"9eeaf6f9-b24e-4568-b7bb-76c0689f967b","req":{"method":"GET","url":"/api/products"},"res":{"statusCode":200},"responseTime":24,"msg":"request completed"}
{"level":30,"time":1790829968534,"service":"shop-api","reqId":"a38341bd-e961-4671-8473-cca1c7f82966","req":{"method":"GET","url":"/api/products"},"res":{"statusCode":200},"responseTime":31,"msg":"request completed"}
{"level":30,"time":1790829997485,"service":"shop-api","reqId":"c74afe6f-0e8f-4d51-b368-0e9f149d349c","req":{"method":"POST","url":"/api/orders"},"res":{"statusCode":201},"responseTime":24,"msg":"request completed"}
{"level":30,"time":1790830052928,"service":"shop-api","reqId":"31fc5f09-5ae2-4f98-bd9d-12d718a85c58","req":{"method":"PUT","url":"/api/cart/items/12"},"res":{"statusCode":409},"responseTime":26,"msg":"request completed"}
{"level":30,"time":1790830060874,"service":"shop-api","reqId":"a4256442-7921-420a-89e5-9a54141ddf66","req":{"method":"POST","url":"/api/quote"},"res":{"statusCode":200},"responseTime":13,"msg":"request completed"}
{"level":30,"time":1790830072026,"service":"shop-api","reqId":"98af7ebc-c04d-46f4-99b2-360cacabb9b8","req":{"method":"GET","url":"/api/products"},"res":{"statusCode":200},"responseTime":9,"msg":"request completed"}
{"level":30,"time":1790830072217,"service":"shop-api","reqId":"0680ec0e-3e9f-4cf2-9d5d-ba5b9f1c8103","orderId":820,"amount":105000,"msg":"payment requested"}
{"level":30,"time":1790830072221,"service":"shop-api","reqId":"0680ec0e-3e9f-4cf2-9d5d-ba5b9f1c8103","attempt":1,"gatewayTxId":"GW-7010F7","msg":"gateway call"}
{"level":30,"time":1790830072256,"service":"shop-api","reqId":"0680ec0e-3e9f-4cf2-9d5d-ba5b9f1c8103","orderId":820,"gatewayTxId":"GW-7010F7","msg":"payment approved"}
{"level":30,"time":1790830072259,"service":"shop-api","reqId":"0680ec0e-3e9f-4cf2-9d5d-ba5b9f1c8103","req":{"method":"POST","url":"/api/orders/820/pay"},"res":{"statusCode":200},"responseTime":44,"msg":"request completed"}
{"level":30,"time":1790830097049,"service":"shop-api","reqId":"f57cc3a1-60bd-483c-b9c6-b3af95ccc301","req":{"method":"PUT","url":"/api/cart/items/10"},"res":{"statusCode":200},"responseTime":37,"msg":"request completed"}
{"level":30,"time":1790830101216,"service":"shop-api","reqId":"9633904f-449b-4472-9385-b32a229c9124","req":{"method":"GET","url":"/api/orders/848"},"res":{"statusCode":200},"responseTime":8,"msg":"request completed"}
{"level":30,"time":1790830103366,"service":"shop-api","reqId":"cb65496c-a33e-40eb-8b24-70c440862cda","req":{"method":"GET","url":"/api/products/4"},"res":{"statusCode":200},"responseTime":6,"msg":"request completed"}
{"level":30,"time":1790830115711,"service":"shop-api","reqId":"47b14849-b0d0-403a-a5e0-4f170b2bd5bc","req":{"method":"GET","url":"/api/orders/782"},"res":{"statusCode":200},"responseTime":26,"msg":"request completed"}
{"level":30,"time":1790830121356,"service":"shop-api","reqId":"f9cf3f06-91f2-4090-a88a-1e63102189c7","req":{"method":"GET","url":"/api/products/12"},"res":{"statusCode":200},"responseTime":11,"msg":"request completed"}
{"level":30,"time":1790830140640,"service":"shop-api","reqId":"ae4fd9c2-e41e-427a-bc54-3df592596bce","req":{"method":"POST","url":"/api/quote"},"res":{"statusCode":200},"responseTime":40,"msg":"request completed"}
{"level":30,"time":1790830149699,"service":"shop-api","reqId":"b0a46960-f98c-4761-88f4-2595fd547c29","req":{"method":"GET","url":"/api/products/11"},"res":{"statusCode":200},"responseTime":13,"msg":"request completed"}
{"level":30,"time":1790830153320,"service":"shop-api","reqId":"5b36ace7-ab68-411b-8507-844b1a993cba","req":{"method":"GET","url":"/api/products/4"},"res":{"statusCode":200},"responseTime":12,"msg":"request completed"}
{"level":30,"time":1790830157262,"service":"shop-api","reqId":"13d6e706-07a4-4370-b7ee-6fb0da3f29c6","req":{"method":"GET","url":"/api/orders/897"},"res":{"statusCode":200},"responseTime":17,"msg":"request completed"}
{"level":30,"time":1790830163704,"service":"shop-api","reqId":"cb6072fd-b8e9-4432-b6d2-0ac5c35f9a7a","req":{"method":"GET","url":"/api/products/1"},"res":{"statusCode":200},"responseTime":7,"msg":"request completed"}
{"level":30,"time":1790830170248,"service":"shop-api","reqId":"4fdc50c6-fef9-4aee-816e-9e658c8be820","req":{"method":"POST","url":"/api/orders"},"res":{"statusCode":201},"responseTime":66,"msg":"request completed"}
{"level":30,"time":1790830191231,"service":"shop-api","reqId":"f2edc937-d5e6-4214-a2f9-eaf4b9925bcb","req":{"method":"GET","url":"/api/orders/888"},"res":{"statusCode":404},"responseTime":12,"msg":"request completed"}
{"level":30,"time":1790830200119,"service":"shop-api","reqId":"0359e7e5-976d-46af-9295-caa78933a176","req":{"method":"GET","url":"/api/products"},"res":{"statusCode":200},"responseTime":12,"msg":"request completed"}
{"level":30,"time":1790830207095,"service":"shop-api","reqId":"6ee008ca-9e8a-4923-835f-eff195fa49bf","req":{"method":"POST","url":"/api/orders"},"res":{"statusCode":201},"responseTime":66,"msg":"request completed"}
{"level":30,"time":1790830268404,"service":"shop-api","reqId":"0e8603e7-3c6c-4c88-ac67-29ff04b0704c","req":{"method":"POST","url":"/api/quote"},"res":{"statusCode":200},"responseTime":29,"msg":"request completed"}
{"level":30,"time":1790830293450,"service":"shop-api","reqId":"98fd989a-1722-48c1-bf6e-5d735ae1e17e","req":{"method":"PUT","url":"/api/cart/items/1"},"res":{"statusCode":200},"responseTime":20,"msg":"request completed"}
{"level":30,"time":1790830308943,"service":"shop-api","reqId":"b9648273-44e3-4338-96d4-19a0c350fb6b","req":{"method":"POST","url":"/api/orders"},"res":{"statusCode":400},"responseTime":45,"msg":"request completed"}
{"level":30,"time":1790830344042,"service":"shop-api","reqId":"4173cc38-afba-45fd-84cc-d825c01a49c6","req":{"method":"POST","url":"/api/quote"},"res":{"statusCode":200},"responseTime":31,"msg":"request completed"}
{"level":30,"time":1790830375861,"service":"shop-api","reqId":"c4d4fc27-4b2a-4653-b04d-ae68e68897e4","req":{"method":"POST","url":"/api/auth/login"},"res":{"statusCode":200},"responseTime":78,"msg":"request completed"}
{"level":30,"time":1790830387174,"service":"shop-api","reqId":"5d4047e1-2b38-43d9-b93a-bb90fa7b48e2","req":{"method":"GET","url":"/api/products"},"res":{"statusCode":200},"responseTime":8,"msg":"request completed"}
{"level":30,"time":1790830442831,"service":"shop-api","reqId":"24f4d936-806a-40c8-a13e-7c3eeda17a2d","req":{"method":"GET","url":"/api/products/1"},"res":{"statusCode":200},"responseTime":20,"msg":"request completed"}
{"level":30,"time":1790830459052,"service":"shop-api","reqId":"42578916-a8a2-4871-8cc9-84cbd319afe5","req":{"method":"GET","url":"/api/products"},"res":{"statusCode":200},"responseTime":8,"msg":"request completed"}
{"level":30,"time":1790830481035,"service":"shop-api","reqId":"af251200-fe2e-43ec-ae15-91883de18c18","orderId":821,"amount":11000,"msg":"payment requested"}
{"level":30,"time":1790830481039,"service":"shop-api","reqId":"af251200-fe2e-43ec-ae15-91883de18c18","attempt":1,"gatewayTxId":"GW-1D204E","msg":"gateway call"}
{"level":30,"time":1790830481074,"service":"shop-api","reqId":"af251200-fe2e-43ec-ae15-91883de18c18","orderId":821,"gatewayTxId":"GW-1D204E","msg":"payment approved"}
{"level":30,"time":1790830481077,"service":"shop-api","reqId":"af251200-fe2e-43ec-ae15-91883de18c18","req":{"method":"POST","url":"/api/orders/821/pay"},"res":{"statusCode":200},"responseTime":44,"msg":"request completed"}
{"level":30,"time":1790830491285,"service":"shop-api","reqId":"e3125b39-f06a-4809-9a47-9c39d338c739","req":{"method":"PUT","url":"/api/cart/items/1"},"res":{"statusCode":200},"responseTime":25,"msg":"request completed"}
{"level":30,"time":1790830523229,"service":"shop-api","reqId":"5d5688fa-2510-4c2b-88c2-5a3ba92c38fc","req":{"method":"GET","url":"/api/products"},"res":{"statusCode":200},"responseTime":22,"msg":"request completed"}
{"level":30,"time":1790830537324,"service":"shop-api","reqId":"eca87611-e2c7-42b2-b15e-b5f7c347b1a0","req":{"method":"GET","url":"/api/products"},"res":{"statusCode":200},"responseTime":24,"msg":"request completed"}
{"level":30,"time":1790830539623,"service":"shop-api","reqId":"70cd6a0f-a6d2-4557-88ce-aaebae257cfc","req":{"method":"GET","url":"/api/products"},"res":{"statusCode":200},"responseTime":19,"msg":"request completed"}
{"level":30,"time":1790830543052,"service":"shop-api","reqId":"fff15cb5-9426-446e-bba9-11bfde71fd86","req":{"method":"GET","url":"/api/products"},"res":{"statusCode":200},"responseTime":29,"msg":"request completed"}
{"level":30,"time":1790830547425,"service":"shop-api","reqId":"dc41be76-c524-4b3d-94fa-051e02c37ecc","req":{"method":"GET","url":"/api/products/10"},"res":{"statusCode":200},"responseTime":11,"msg":"request completed"}
{"level":30,"time":1790830553628,"service":"shop-api","reqId":"3766102d-a18a-4141-a02f-1a079e76ae0a","req":{"method":"PUT","url":"/api/cart/items/1"},"res":{"statusCode":409},"responseTime":9,"msg":"request completed"}
{"level":30,"time":1790830564772,"service":"shop-api","reqId":"00acf02b-3d95-4980-8d19-d07a2be0aebe","req":{"method":"PUT","url":"/api/cart/items/9"},"res":{"statusCode":200},"responseTime":38,"msg":"request completed"}
{"level":30,"time":1790830570680,"service":"shop-api","reqId":"3cc8db2f-9e7b-4fd9-9ab5-bf1db0c02d4e","req":{"method":"GET","url":"/api/products"},"res":{"statusCode":200},"responseTime":12,"msg":"request completed"}
{"level":30,"time":1790830577302,"service":"shop-api","reqId":"71a6b46d-5e49-48b1-96b6-57bba369f731","req":{"method":"GET","url":"/api/products"},"res":{"statusCode":200},"responseTime":14,"msg":"request completed"}
{"level":30,"time":1790830584305,"service":"shop-api","reqId":"acf2e13c-c5c5-496b-b485-db754a1221bf","req":{"method":"POST","url":"/api/quote"},"res":{"statusCode":200},"responseTime":28,"msg":"request completed"}
{"level":30,"time":1790830598465,"service":"shop-api","reqId":"31be7015-70e7-448c-b873-08e01cd4543f","req":{"method":"GET","url":"/api/products"},"res":{"statusCode":200},"responseTime":7,"msg":"request completed"}
{"level":30,"time":1790830610108,"service":"shop-api","reqId":"b18abcde-15f4-4683-aad8-cbe3600e93fb","req":{"method":"POST","url":"/api/orders"},"res":{"statusCode":201},"responseTime":27,"msg":"request completed"}
{"level":30,"time":1790830617608,"service":"shop-api","reqId":"ce2bd18c-20e3-4595-869d-1fa1a4177d37","orderId":822,"amount":14000,"msg":"payment requested"}
{"level":30,"time":1790830617612,"service":"shop-api","reqId":"ce2bd18c-20e3-4595-869d-1fa1a4177d37","attempt":1,"gatewayTxId":"GW-A49930","msg":"gateway call"}
{"level":30,"time":1790830617647,"service":"shop-api","reqId":"ce2bd18c-20e3-4595-869d-1fa1a4177d37","orderId":822,"gatewayTxId":"GW-A49930","msg":"payment approved"}
{"level":30,"time":1790830617650,"service":"shop-api","reqId":"ce2bd18c-20e3-4595-869d-1fa1a4177d37","req":{"method":"POST","url":"/api/orders/822/pay"},"res":{"statusCode":200},"responseTime":44,"msg":"request completed"}
{"level":30,"time":1790830635448,"service":"shop-api","reqId":"7961c8e8-c7a6-48c1-9b1d-84e5f0d860df","req":{"method":"GET","url":"/api/products"},"res":{"statusCode":200},"responseTime":24,"msg":"request completed"}
{"level":30,"time":1790830641284,"service":"shop-api","reqId":"f8965373-1930-4f40-8ba9-e959fefbfca2","req":{"method":"PUT","url":"/api/cart/items/1"},"res":{"statusCode":400},"responseTime":23,"msg":"request completed"}
{"level":30,"time":1790830643846,"service":"shop-api","reqId":"da168933-3188-44f1-ace5-b0a62bb45b29","req":{"method":"POST","url":"/api/orders"},"res":{"statusCode":201},"responseTime":57,"msg":"request completed"}
{"level":30,"time":1790830645898,"service":"shop-api","reqId":"ca158454-33cc-40a9-8de8-22770776c3e0","req":{"method":"GET","url":"/api/products/6"},"res":{"statusCode":200},"responseTime":15,"msg":"request completed"}
{"level":30,"time":1790830647705,"service":"shop-api","reqId":"3083cb21-b4a1-425a-a157-77b8595e6164","req":{"method":"GET","url":"/api/products"},"res":{"statusCode":200},"responseTime":18,"msg":"request completed"}
{"level":30,"time":1790830662815,"service":"shop-api","reqId":"0011b24c-750c-4e7e-bed1-bb3dd0f09668","req":{"method":"GET","url":"/api/products"},"res":{"statusCode":200},"responseTime":25,"msg":"request completed"}
{"level":30,"time":1790830690588,"service":"shop-api","reqId":"f6a936f5-713b-443d-9c27-6b66d430f531","req":{"method":"GET","url":"/api/products/12"},"res":{"statusCode":200},"responseTime":10,"msg":"request completed"}
{"level":30,"time":1790830703669,"service":"shop-api","reqId":"381ed047-162e-447c-a0c8-b66c24c6b5f0","req":{"method":"GET","url":"/api/products"},"res":{"statusCode":200},"responseTime":13,"msg":"request completed"}
{"level":30,"time":1790830724000,"service":"shop-api","reqId":"eb4051ec-1d76-4a8f-8f24-7cb4b493ff60","req":{"method":"GET","url":"/api/products/14"},"res":{"statusCode":404},"responseTime":13,"msg":"request completed"}
{"level":30,"time":1790830724192,"service":"shop-api","reqId":"874a17a2-2c09-4a35-bcb6-a79f6271c08e","req":{"method":"GET","url":"/api/products"},"res":{"statusCode":200},"responseTime":17,"msg":"request completed"}
{"level":30,"time":1790830726840,"service":"shop-api","reqId":"2be9f773-4e11-4402-b1dc-0154bf1ad356","orderId":823,"amount":53000,"msg":"payment requested"}
{"level":30,"time":1790830726844,"service":"shop-api","reqId":"2be9f773-4e11-4402-b1dc-0154bf1ad356","attempt":1,"gatewayTxId":"GW-ACAEB7","msg":"gateway call"}
{"level":30,"time":1790830726879,"service":"shop-api","reqId":"2be9f773-4e11-4402-b1dc-0154bf1ad356","orderId":823,"gatewayTxId":"GW-ACAEB7","msg":"payment approved"}
{"level":30,"time":1790830726882,"service":"shop-api","reqId":"2be9f773-4e11-4402-b1dc-0154bf1ad356","req":{"method":"POST","url":"/api/orders/823/pay"},"res":{"statusCode":200},"responseTime":44,"msg":"request completed"}
{"level":30,"time":1790830779027,"service":"shop-api","reqId":"900b6eec-4462-45b5-83b0-e07b7fd86045","orderId":824,"amount":67000,"msg":"payment requested"}
{"level":30,"time":1790830779031,"service":"shop-api","reqId":"900b6eec-4462-45b5-83b0-e07b7fd86045","attempt":1,"gatewayTxId":"GW-134E42","msg":"gateway call"}
{"level":30,"time":1790830779066,"service":"shop-api","reqId":"900b6eec-4462-45b5-83b0-e07b7fd86045","orderId":824,"gatewayTxId":"GW-134E42","msg":"payment approved"}
{"level":30,"time":1790830779069,"service":"shop-api","reqId":"900b6eec-4462-45b5-83b0-e07b7fd86045","req":{"method":"POST","url":"/api/orders/824/pay"},"res":{"statusCode":200},"responseTime":44,"msg":"request completed"}
{"level":30,"time":1790830793370,"service":"shop-api","reqId":"dae0e8c8-10f7-4309-8305-6636950eac83","orderId":825,"amount":36000,"msg":"payment requested"}
{"level":30,"time":1790830793374,"service":"shop-api","reqId":"dae0e8c8-10f7-4309-8305-6636950eac83","attempt":1,"gatewayTxId":"GW-C86F10","msg":"gateway call"}
{"level":30,"time":1790830793409,"service":"shop-api","reqId":"dae0e8c8-10f7-4309-8305-6636950eac83","orderId":825,"gatewayTxId":"GW-C86F10","msg":"payment approved"}
{"level":30,"time":1790830793412,"service":"shop-api","reqId":"dae0e8c8-10f7-4309-8305-6636950eac83","req":{"method":"POST","url":"/api/orders/825/pay"},"res":{"statusCode":200},"responseTime":44,"msg":"request completed"}
{"level":30,"time":1790830794503,"service":"shop-api","reqId":"90e89432-e60f-48b0-a286-ecc57baaed3e","req":{"method":"POST","url":"/api/auth/login"},"res":{"statusCode":200},"responseTime":80,"msg":"request completed"}
{"level":30,"time":1790830814815,"service":"shop-api","reqId":"aa806c03-267d-48f8-8cc6-6989559febd1","req":{"method":"GET","url":"/api/products"},"res":{"statusCode":200},"responseTime":32,"msg":"request completed"}
{"level":30,"time":1790830824875,"service":"shop-api","reqId":"0e2ae1b0-f80c-47a2-90f7-3f3808c2b249","req":{"method":"POST","url":"/api/quote"},"res":{"statusCode":200},"responseTime":28,"msg":"request completed"}
{"level":30,"time":1790830829698,"service":"shop-api","reqId":"6b6f2803-e2dc-4d08-adbb-5c8804540f10","req":{"method":"GET","url":"/api/products/6"},"res":{"statusCode":200},"responseTime":8,"msg":"request completed"}
{"level":30,"time":1790830831928,"service":"shop-api","reqId":"fc9885a7-e5b0-4c68-90ec-88c4f4c3f752","req":{"method":"PUT","url":"/api/cart/items/5"},"res":{"statusCode":400},"responseTime":13,"msg":"request completed"}
{"level":30,"time":1790830841021,"service":"shop-api","reqId":"52b912de-a3fe-4064-a5f7-2133ae372397","req":{"method":"PUT","url":"/api/cart/items/8"},"res":{"statusCode":409},"responseTime":10,"msg":"request completed"}
{"level":30,"time":1790830870980,"service":"shop-api","reqId":"4b92c01a-2409-4c8f-8d7a-64117d668adc","req":{"method":"POST","url":"/api/orders"},"res":{"statusCode":201},"responseTime":89,"msg":"request completed"}
{"level":30,"time":1790830898576,"service":"shop-api","reqId":"9ba3c8c9-a239-497c-b725-c6e93ab8b6be","req":{"method":"PUT","url":"/api/cart/items/4"},"res":{"statusCode":200},"responseTime":30,"msg":"request completed"}
{"level":30,"time":1790830905271,"service":"shop-api","reqId":"08462b10-1720-4f5c-838e-0fa8807c7ca5","req":{"method":"GET","url":"/api/products"},"res":{"statusCode":200},"responseTime":27,"msg":"request completed"}
{"level":30,"time":1790830908106,"service":"shop-api","reqId":"5c137e25-ae67-4f4b-8f68-dcc4cccf7522","req":{"method":"GET","url":"/api/products/8"},"res":{"statusCode":200},"responseTime":10,"msg":"request completed"}
{"level":30,"time":1790830912211,"service":"shop-api","reqId":"418c49cd-4a46-47c7-80d7-b26348cdeaea","req":{"method":"GET","url":"/api/products/5"},"res":{"statusCode":200},"responseTime":13,"msg":"request completed"}
{"level":30,"time":1790830914575,"service":"shop-api","reqId":"09081659-079c-463c-a5b6-aee58d98d1b9","orderId":826,"amount":100000,"msg":"payment requested"}
{"level":30,"time":1790830914579,"service":"shop-api","reqId":"09081659-079c-463c-a5b6-aee58d98d1b9","attempt":1,"gatewayTxId":"GW-26FCE4","msg":"gateway call"}
{"level":30,"time":1790830914614,"service":"shop-api","reqId":"09081659-079c-463c-a5b6-aee58d98d1b9","orderId":826,"gatewayTxId":"GW-26FCE4","msg":"payment approved"}
{"level":30,"time":1790830914617,"service":"shop-api","reqId":"09081659-079c-463c-a5b6-aee58d98d1b9","req":{"method":"POST","url":"/api/orders/826/pay"},"res":{"statusCode":200},"responseTime":44,"msg":"request completed"}
{"level":30,"time":1790830956180,"service":"shop-api","reqId":"2c578def-6c1b-4508-b8a6-08bfe70b3d63","req":{"method":"POST","url":"/api/quote"},"res":{"statusCode":200},"responseTime":14,"msg":"request completed"}
{"level":30,"time":1790830960541,"service":"shop-api","reqId":"9edb4873-4044-4071-b9be-0546b9e90d64","req":{"method":"POST","url":"/api/orders"},"res":{"statusCode":201},"responseTime":56,"msg":"request completed"}
{"level":30,"time":1790830968293,"service":"shop-api","reqId":"41b42287-1151-48d2-921d-31c522068d93","req":{"method":"POST","url":"/api/quote"},"res":{"statusCode":200},"responseTime":40,"msg":"request completed"}
{"level":30,"time":1790830968437,"service":"shop-api","reqId":"6a623751-bcb7-41dc-9f6e-c6fb26bde5e8","req":{"method":"GET","url":"/api/products"},"res":{"statusCode":200},"responseTime":21,"msg":"request completed"}
{"level":30,"time":1790830996277,"service":"shop-api","reqId":"580a4ccc-327e-46e0-b69d-e3640cca4e6a","orderId":827,"amount":71000,"msg":"payment requested"}
{"level":30,"time":1790830996281,"service":"shop-api","reqId":"580a4ccc-327e-46e0-b69d-e3640cca4e6a","attempt":1,"gatewayTxId":"GW-386945","msg":"gateway call"}
{"level":30,"time":1790830996316,"service":"shop-api","reqId":"580a4ccc-327e-46e0-b69d-e3640cca4e6a","orderId":827,"gatewayTxId":"GW-386945","msg":"payment approved"}
{"level":30,"time":1790830996319,"service":"shop-api","reqId":"580a4ccc-327e-46e0-b69d-e3640cca4e6a","req":{"method":"POST","url":"/api/orders/827/pay"},"res":{"statusCode":200},"responseTime":44,"msg":"request completed"}
{"level":30,"time":1790830998892,"service":"shop-api","reqId":"51b7f727-f3ca-418f-9adf-4396ab68e965","req":{"method":"PUT","url":"/api/cart/items/10"},"res":{"statusCode":200},"responseTime":10,"msg":"request completed"}
{"level":30,"time":1790831005013,"service":"shop-api","reqId":"da0b1618-e207-40a0-a9b6-cfd11d7ada10","req":{"method":"PUT","url":"/api/cart/items/2"},"res":{"statusCode":400},"responseTime":19,"msg":"request completed"}
{"level":30,"time":1790831023867,"service":"shop-api","reqId":"7f527df8-ad3d-47aa-9a3f-6f5e1ed27e01","req":{"method":"PUT","url":"/api/cart/items/9"},"res":{"statusCode":200},"responseTime":24,"msg":"request completed"}
{"level":30,"time":1790831031009,"service":"shop-api","reqId":"66c9690c-7c26-4749-b1a0-3c2160c6a0cd","req":{"method":"PUT","url":"/api/cart/items/11"},"res":{"statusCode":200},"responseTime":33,"msg":"request completed"}
{"level":30,"time":1790831038598,"service":"shop-api","reqId":"50ba8aef-47e6-458c-8bf4-aab84aae3e6c","req":{"method":"POST","url":"/api/orders"},"res":{"statusCode":201},"responseTime":27,"msg":"request completed"}
{"level":30,"time":1790831039942,"service":"shop-api","reqId":"33df7351-3109-4d93-a8a8-88469e9fe69a","req":{"method":"POST","url":"/api/auth/login"},"res":{"statusCode":200},"responseTime":100,"msg":"request completed"}
{"level":30,"time":1790831066127,"service":"shop-api","reqId":"6277f487-ecda-4db1-89eb-929aa358ee68","req":{"method":"GET","url":"/api/products"},"res":{"statusCode":200},"responseTime":35,"msg":"request completed"}
{"level":30,"time":1790831070173,"service":"shop-api","reqId":"6ab60515-93f4-433d-b100-1728e9646ff2","req":{"method":"GET","url":"/api/products"},"res":{"statusCode":200},"responseTime":27,"msg":"request completed"}
{"level":30,"time":1790831098121,"service":"shop-api","reqId":"9ad95a91-63df-4e64-8d08-83a32b22f223","req":{"method":"GET","url":"/api/orders/851"},"res":{"statusCode":200},"responseTime":8,"msg":"request completed"}
{"level":30,"time":1790831109861,"service":"shop-api","reqId":"5ec4d878-7ea4-4d5d-a5a6-db9a5aaf6695","req":{"method":"PUT","url":"/api/cart/items/11"},"res":{"statusCode":200},"responseTime":33,"msg":"request completed"}
{"level":30,"time":1790831110031,"service":"shop-api","reqId":"5a038cd7-8265-4598-b0c7-4cb46bad1fef","req":{"method":"GET","url":"/api/products"},"res":{"statusCode":200},"responseTime":12,"msg":"request completed"}
{"level":30,"time":1790831110309,"service":"shop-api","reqId":"c2800530-4807-4363-873e-0f847c5319b7","req":{"method":"GET","url":"/api/products"},"res":{"statusCode":200},"responseTime":11,"msg":"request completed"}
{"level":30,"time":1790831113532,"service":"shop-api","reqId":"268c304b-22ed-4c5a-83ee-48ef2c9ad8a0","req":{"method":"POST","url":"/api/orders"},"res":{"statusCode":201},"responseTime":58,"msg":"request completed"}
{"level":30,"time":1790831151035,"service":"shop-api","reqId":"2d480808-dcaa-42b3-ad90-fa9eb8c1c4e4","req":{"method":"POST","url":"/api/auth/login"},"res":{"statusCode":200},"responseTime":89,"msg":"request completed"}
{"level":30,"time":1790831151159,"service":"shop-api","reqId":"2fc3e6dc-3a97-4488-b551-543c569879b2","req":{"method":"POST","url":"/api/orders"},"res":{"statusCode":201},"responseTime":82,"msg":"request completed"}
{"level":30,"time":1790831162559,"service":"shop-api","reqId":"41ab0694-4a32-4108-a093-90e1c3260ea7","req":{"method":"POST","url":"/api/quote"},"res":{"statusCode":200},"responseTime":12,"msg":"request completed"}
{"level":30,"time":1790831173062,"service":"shop-api","reqId":"a113af1f-910b-4c18-9065-3092374930b2","req":{"method":"POST","url":"/api/orders"},"res":{"statusCode":201},"responseTime":70,"msg":"request completed"}
{"level":30,"time":1790831174925,"service":"shop-api","reqId":"0fd6402f-c74c-4347-ad8e-cec679effcad","req":{"method":"GET","url":"/api/products/1"},"res":{"statusCode":200},"responseTime":5,"msg":"request completed"}
{"level":30,"time":1790831177857,"service":"shop-api","reqId":"7f2e2daf-cc71-4c28-9197-21b41125f655","req":{"method":"GET","url":"/api/products"},"res":{"statusCode":200},"responseTime":18,"msg":"request completed"}
{"level":30,"time":1790831192485,"service":"shop-api","reqId":"536fd4bf-fb55-48b4-b79b-37f04e3093b6","req":{"method":"PUT","url":"/api/cart/items/8"},"res":{"statusCode":200},"responseTime":21,"msg":"request completed"}
{"level":30,"time":1790831202179,"service":"shop-api","reqId":"d979818b-9fd1-4029-b960-af3abca6db26","req":{"method":"GET","url":"/api/products/12"},"res":{"statusCode":200},"responseTime":19,"msg":"request completed"}
{"level":30,"time":1790831227887,"service":"shop-api","reqId":"79583a52-9b77-46e8-8873-488b40ef3529","req":{"method":"GET","url":"/api/products/10"},"res":{"statusCode":200},"responseTime":18,"msg":"request completed"}
{"level":30,"time":1790831257374,"service":"shop-api","reqId":"182e0b71-95b0-43d6-9998-77b4b99718bc","orderId":828,"amount":69000,"msg":"payment requested"}
{"level":30,"time":1790831257378,"service":"shop-api","reqId":"182e0b71-95b0-43d6-9998-77b4b99718bc","attempt":1,"gatewayTxId":"GW-A68186","msg":"gateway call"}
{"level":30,"time":1790831257413,"service":"shop-api","reqId":"182e0b71-95b0-43d6-9998-77b4b99718bc","orderId":828,"gatewayTxId":"GW-A68186","msg":"payment approved"}
{"level":30,"time":1790831257416,"service":"shop-api","reqId":"182e0b71-95b0-43d6-9998-77b4b99718bc","req":{"method":"POST","url":"/api/orders/828/pay"},"res":{"statusCode":200},"responseTime":44,"msg":"request completed"}
{"level":30,"time":1790831288827,"service":"shop-api","reqId":"70ea6e99-6252-4e14-8f09-1133d6f14262","orderId":829,"amount":53000,"msg":"payment requested"}
{"level":30,"time":1790831288831,"service":"shop-api","reqId":"70ea6e99-6252-4e14-8f09-1133d6f14262","attempt":1,"gatewayTxId":"GW-AFBFCE","msg":"gateway call"}
{"level":30,"time":1790831288866,"service":"shop-api","reqId":"70ea6e99-6252-4e14-8f09-1133d6f14262","orderId":829,"gatewayTxId":"GW-AFBFCE","msg":"payment approved"}
{"level":30,"time":1790831288869,"service":"shop-api","reqId":"70ea6e99-6252-4e14-8f09-1133d6f14262","req":{"method":"POST","url":"/api/orders/829/pay"},"res":{"statusCode":200},"responseTime":44,"msg":"request completed"}
{"level":30,"time":1790831312035,"service":"shop-api","reqId":"0e5ff8ea-139d-48b3-97dd-4664b20237de","req":{"method":"GET","url":"/api/products/12"},"res":{"statusCode":200},"responseTime":11,"msg":"request completed"}
{"level":30,"time":1790831320730,"service":"shop-api","reqId":"54ed48e6-4abd-42a1-8758-fb05419f6272","req":{"method":"POST","url":"/api/quote"},"res":{"statusCode":422},"responseTime":17,"msg":"request completed"}
{"level":30,"time":1790831328101,"service":"shop-api","reqId":"6e87c29c-a193-4f8b-9b03-bcf9fd2e337c","req":{"method":"PUT","url":"/api/cart/items/1"},"res":{"statusCode":200},"responseTime":24,"msg":"request completed"}
{"level":30,"time":1790831338010,"service":"shop-api","reqId":"8245fd90-5ada-4279-85a4-f66d47657278","req":{"method":"POST","url":"/api/orders"},"res":{"statusCode":201},"responseTime":61,"msg":"request completed"}
{"level":30,"time":1790831342896,"service":"shop-api","reqId":"260bbe07-37de-48c1-8881-938adb0f3d2c","req":{"method":"GET","url":"/api/products"},"res":{"statusCode":200},"responseTime":26,"msg":"request completed"}
{"level":30,"time":1790831362583,"service":"shop-api","reqId":"893b60ee-a54a-4604-aeed-448ce1dddfbe","req":{"method":"POST","url":"/api/quote"},"res":{"statusCode":200},"responseTime":21,"msg":"request completed"}
{"level":30,"time":1790831364124,"service":"shop-api","reqId":"2f5c1f7f-44ca-4cd0-bd37-1ee11606ee7b","req":{"method":"GET","url":"/api/products"},"res":{"statusCode":200},"responseTime":33,"msg":"request completed"}
{"level":30,"time":1790831415195,"service":"shop-api","reqId":"55fcd387-f923-4b00-bd50-dba7889708a2","req":{"method":"GET","url":"/api/products"},"res":{"statusCode":200},"responseTime":35,"msg":"request completed"}
{"level":30,"time":1790831420817,"service":"shop-api","reqId":"786484c0-39f0-4694-8afb-eaa0b73ddcd0","orderId":830,"amount":26000,"msg":"payment requested"}
{"level":30,"time":1790831420821,"service":"shop-api","reqId":"786484c0-39f0-4694-8afb-eaa0b73ddcd0","attempt":1,"gatewayTxId":"GW-8609A6","msg":"gateway call"}
{"level":30,"time":1790831420856,"service":"shop-api","reqId":"786484c0-39f0-4694-8afb-eaa0b73ddcd0","orderId":830,"gatewayTxId":"GW-8609A6","msg":"payment approved"}
{"level":30,"time":1790831420859,"service":"shop-api","reqId":"786484c0-39f0-4694-8afb-eaa0b73ddcd0","req":{"method":"POST","url":"/api/orders/830/pay"},"res":{"statusCode":200},"responseTime":44,"msg":"request completed"}
{"level":30,"time":1790831431246,"service":"shop-api","reqId":"c4d09750-e61a-45b1-9103-be646268c1fc","req":{"method":"GET","url":"/api/products"},"res":{"statusCode":200},"responseTime":16,"msg":"request completed"}
{"level":30,"time":1790831452395,"service":"shop-api","reqId":"fb425632-eff7-42ba-b6af-17100e53bc3a","req":{"method":"GET","url":"/api/products/5"},"res":{"statusCode":200},"responseTime":4,"msg":"request completed"}
{"level":30,"time":1790831455621,"service":"shop-api","reqId":"3b4e5b5f-6b55-47e1-bdef-e74b53a9c259","req":{"method":"GET","url":"/api/products"},"res":{"statusCode":200},"responseTime":9,"msg":"request completed"}
{"level":30,"time":1790831461680,"service":"shop-api","reqId":"dbd93ab3-b5f5-42bd-ba14-1e6a0a78b182","req":{"method":"GET","url":"/api/products/5"},"res":{"statusCode":200},"responseTime":14,"msg":"request completed"}
{"level":30,"time":1790831465811,"service":"shop-api","reqId":"4cd0202e-fbb1-4b91-b22e-6c367f7f47eb","orderId":825,"amount":58000,"msg":"payment requested"}
{"level":30,"time":1790831465815,"service":"shop-api","reqId":"4cd0202e-fbb1-4b91-b22e-6c367f7f47eb","attempt":1,"gatewayTxId":"GW-92C4F4","msg":"gateway call"}
{"level":40,"time":1790831466815,"service":"shop-api","reqId":"4cd0202e-fbb1-4b91-b22e-6c367f7f47eb","attempt":1,"err":{"code":"ETIMEDOUT"},"msg":"payment gateway timeout"}
{"level":30,"time":1790831466820,"service":"shop-api","reqId":"4cd0202e-fbb1-4b91-b22e-6c367f7f47eb","attempt":2,"gatewayTxId":"GW-92C4F4","msg":"gateway call"}
{"level":40,"time":1790831467820,"service":"shop-api","reqId":"4cd0202e-fbb1-4b91-b22e-6c367f7f47eb","attempt":2,"err":{"code":"ETIMEDOUT"},"msg":"payment gateway timeout"}
{"level":30,"time":1790831467825,"service":"shop-api","reqId":"4cd0202e-fbb1-4b91-b22e-6c367f7f47eb","attempt":3,"gatewayTxId":"GW-92C4F4","msg":"gateway call"}
{"level":40,"time":1790831468825,"service":"shop-api","reqId":"4cd0202e-fbb1-4b91-b22e-6c367f7f47eb","attempt":3,"err":{"code":"ETIMEDOUT"},"msg":"payment gateway timeout"}
{"level":50,"time":1790831468830,"service":"shop-api","reqId":"4cd0202e-fbb1-4b91-b22e-6c367f7f47eb","orderId":825,"gatewayTxId":"GW-92C4F4","err":{"code":"ETIMEDOUT","message":"gateway did not respond within 1000ms"},"msg":"payment failed"}
{"level":50,"time":1790831468834,"service":"shop-api","reqId":"4cd0202e-fbb1-4b91-b22e-6c367f7f47eb","req":{"method":"POST","url":"/api/orders/825/pay"},"res":{"statusCode":502},"responseTime":3025,"msg":"request completed"}
{"level":30,"time":1790831483391,"service":"shop-api","reqId":"e6966075-4989-40a0-b8af-b4259ba80270","req":{"method":"POST","url":"/api/auth/login"},"res":{"statusCode":200},"responseTime":101,"msg":"request completed"}
{"level":30,"time":1790831486035,"service":"shop-api","reqId":"20e4a19c-7149-4dc8-9cba-f82bfa5894af","req":{"method":"GET","url":"/api/products/7"},"res":{"statusCode":200},"responseTime":6,"msg":"request completed"}
{"level":30,"time":1790831498164,"service":"shop-api","reqId":"dff2d6ca-32a7-4384-979b-28d12b38e597","req":{"method":"PUT","url":"/api/cart/items/9"},"res":{"statusCode":200},"responseTime":40,"msg":"request completed"}
{"level":30,"time":1790831536962,"service":"shop-api","reqId":"76d494ce-c432-4ae2-8275-d79e1216ff4b","req":{"method":"POST","url":"/api/quote"},"res":{"statusCode":200},"responseTime":33,"msg":"request completed"}
{"level":30,"time":1790831538662,"service":"shop-api","reqId":"aa72348c-800e-4264-9bcb-d33004c49e29","req":{"method":"GET","url":"/api/products/1"},"res":{"statusCode":200},"responseTime":9,"msg":"request completed"}
{"level":30,"time":1790831555111,"service":"shop-api","reqId":"51069352-a2ad-481d-948c-d15a22d98a19","req":{"method":"POST","url":"/api/auth/login"},"res":{"statusCode":200},"responseTime":119,"msg":"request completed"}
{"level":30,"time":1790831566859,"service":"shop-api","reqId":"e4a34025-89b7-4d06-b74d-349da6c2b7f9","req":{"method":"GET","url":"/api/products"},"res":{"statusCode":200},"responseTime":20,"msg":"request completed"}
{"level":30,"time":1790831576526,"service":"shop-api","reqId":"29cd2097-eb12-4d5d-a20f-ddf9ebdd6d20","req":{"method":"POST","url":"/api/orders"},"res":{"statusCode":201},"responseTime":73,"msg":"request completed"}
{"level":30,"time":1790831577184,"service":"shop-api","reqId":"644953c9-499a-4b02-8084-23f59afae4a2","req":{"method":"POST","url":"/api/auth/login"},"res":{"statusCode":200},"responseTime":78,"msg":"request completed"}
{"level":30,"time":1790831577266,"service":"shop-api","reqId":"3082f588-647f-493c-9a12-0e63248634f0","orderId":821,"amount":108000,"msg":"payment requested"}
{"level":30,"time":1790831577270,"service":"shop-api","reqId":"3082f588-647f-493c-9a12-0e63248634f0","attempt":1,"gatewayTxId":"GW-CE2F08","msg":"gateway call"}
{"level":40,"time":1790831578270,"service":"shop-api","reqId":"3082f588-647f-493c-9a12-0e63248634f0","attempt":1,"err":{"code":"ETIMEDOUT"},"msg":"payment gateway timeout"}
{"level":30,"time":1790831578275,"service":"shop-api","reqId":"3082f588-647f-493c-9a12-0e63248634f0","attempt":2,"gatewayTxId":"GW-CE2F08","msg":"gateway call"}
{"level":40,"time":1790831579275,"service":"shop-api","reqId":"3082f588-647f-493c-9a12-0e63248634f0","attempt":2,"err":{"code":"ETIMEDOUT"},"msg":"payment gateway timeout"}
{"level":50,"time":1790831579280,"service":"shop-api","reqId":"3082f588-647f-493c-9a12-0e63248634f0","orderId":821,"gatewayTxId":"GW-CE2F08","err":{"code":"ETIMEDOUT","message":"gateway did not respond within 1000ms"},"msg":"payment failed"}
{"level":50,"time":1790831579284,"service":"shop-api","reqId":"3082f588-647f-493c-9a12-0e63248634f0","req":{"method":"POST","url":"/api/orders/821/pay"},"res":{"statusCode":502},"responseTime":2020,"msg":"request completed"}
{"level":30,"time":1790831579781,"service":"shop-api","reqId":"11029354-8818-489f-a847-e056eb7dcbac","req":{"method":"GET","url":"/api/products"},"res":{"statusCode":200},"responseTime":6,"msg":"request completed"}
{"level":30,"time":1790831583524,"service":"shop-api","reqId":"59476574-26e1-4ca1-8256-b5e9a4f4fa3f","req":{"method":"GET","url":"/api/products"},"res":{"statusCode":200},"responseTime":30,"msg":"request completed"}
{"level":30,"time":1790831593982,"service":"shop-api","reqId":"3c956b97-7d4d-4926-90d2-b2b8ea6af947","req":{"method":"POST","url":"/api/quote"},"res":{"statusCode":200},"responseTime":34,"msg":"request completed"}
{"level":30,"time":1790831606610,"service":"shop-api","reqId":"d65266fc-cef7-4292-badb-bcc8719ae4ed","req":{"method":"GET","url":"/api/products"},"res":{"statusCode":200},"responseTime":24,"msg":"request completed"}
{"level":30,"time":1790831614043,"service":"shop-api","reqId":"de263e92-36b8-4696-817e-9c89c81988c2","orderId":824,"amount":110000,"msg":"payment requested"}
{"level":30,"time":1790831614047,"service":"shop-api","reqId":"de263e92-36b8-4696-817e-9c89c81988c2","attempt":1,"gatewayTxId":"GW-F5FE81","msg":"gateway call"}
{"level":40,"time":1790831615047,"service":"shop-api","reqId":"de263e92-36b8-4696-817e-9c89c81988c2","attempt":1,"err":{"code":"ETIMEDOUT"},"msg":"payment gateway timeout"}
{"level":30,"time":1790831615052,"service":"shop-api","reqId":"de263e92-36b8-4696-817e-9c89c81988c2","attempt":2,"gatewayTxId":"GW-F5FE81","msg":"gateway call"}
{"level":40,"time":1790831616052,"service":"shop-api","reqId":"de263e92-36b8-4696-817e-9c89c81988c2","attempt":2,"err":{"code":"ETIMEDOUT"},"msg":"payment gateway timeout"}
{"level":30,"time":1790831616057,"service":"shop-api","reqId":"de263e92-36b8-4696-817e-9c89c81988c2","attempt":3,"gatewayTxId":"GW-F5FE81","msg":"gateway call"}
{"level":40,"time":1790831617057,"service":"shop-api","reqId":"de263e92-36b8-4696-817e-9c89c81988c2","attempt":3,"err":{"code":"ETIMEDOUT"},"msg":"payment gateway timeout"}
{"level":50,"time":1790831617062,"service":"shop-api","reqId":"de263e92-36b8-4696-817e-9c89c81988c2","orderId":824,"gatewayTxId":"GW-F5FE81","err":{"code":"ETIMEDOUT","message":"gateway did not respond within 1000ms"},"msg":"payment failed"}
{"level":50,"time":1790831617066,"service":"shop-api","reqId":"de263e92-36b8-4696-817e-9c89c81988c2","req":{"method":"POST","url":"/api/orders/824/pay"},"res":{"statusCode":502},"responseTime":3025,"msg":"request completed"}
{"level":30,"time":1790831618001,"service":"shop-api","reqId":"81f36922-b6d5-4bbd-a905-33927884cfd9","orderId":845,"amount":10000,"msg":"payment requested"}
{"level":30,"time":1790831618005,"service":"shop-api","reqId":"81f36922-b6d5-4bbd-a905-33927884cfd9","attempt":1,"gatewayTxId":"GW-0BB237","msg":"gateway call"}
{"level":30,"time":1790831618040,"service":"shop-api","reqId":"81f36922-b6d5-4bbd-a905-33927884cfd9","orderId":845,"gatewayTxId":"GW-0BB237","msg":"payment approved"}
{"level":30,"time":1790831618043,"service":"shop-api","reqId":"81f36922-b6d5-4bbd-a905-33927884cfd9","req":{"method":"POST","url":"/api/orders/845/pay"},"res":{"statusCode":200},"responseTime":44,"msg":"request completed"}
{"level":30,"time":1790831627775,"service":"shop-api","reqId":"ea759def-8c0e-40b3-a357-c6828ac20fbe","req":{"method":"GET","url":"/api/products/5"},"res":{"statusCode":200},"responseTime":11,"msg":"request completed"}
{"level":30,"time":1790831640604,"service":"shop-api","reqId":"7e2d187d-f5b1-4df0-8f1f-3f2a7a6dbc39","req":{"method":"GET","url":"/api/products/4"},"res":{"statusCode":200},"responseTime":20,"msg":"request completed"}
{"level":30,"time":1790831662650,"service":"shop-api","reqId":"cfe16823-daf0-4f80-9256-6b08cc5cee62","req":{"method":"PUT","url":"/api/cart/items/9"},"res":{"statusCode":200},"responseTime":27,"msg":"request completed"}
{"level":30,"time":1790831665129,"service":"shop-api","reqId":"719cf37b-02f4-4f48-a6e2-a49e64982400","req":{"method":"POST","url":"/api/quote"},"res":{"statusCode":200},"responseTime":19,"msg":"request completed"}
{"level":30,"time":1790831670753,"service":"shop-api","reqId":"3ef65fec-b92e-48de-a7a7-ebaa7bf0cf60","req":{"method":"GET","url":"/api/products"},"res":{"statusCode":200},"responseTime":12,"msg":"request completed"}
{"level":30,"time":1790831672142,"service":"shop-api","reqId":"16ca123c-3991-43f0-a72f-7f10a8911ced","req":{"method":"GET","url":"/api/products/4"},"res":{"statusCode":200},"responseTime":15,"msg":"request completed"}
{"level":30,"time":1790831675768,"service":"shop-api","reqId":"bd3cdb54-a1f9-4e93-aa0d-23ddc1d052fc","req":{"method":"PUT","url":"/api/cart/items/6"},"res":{"statusCode":200},"responseTime":39,"msg":"request completed"}
{"level":30,"time":1790831681247,"service":"shop-api","reqId":"2071d651-e5bc-40c8-b413-a76445310b2c","req":{"method":"POST","url":"/api/orders"},"res":{"statusCode":201},"responseTime":33,"msg":"request completed"}
{"level":30,"time":1790831684450,"service":"shop-api","reqId":"db5b1834-08ff-46b5-8564-4bc80e58f2df","req":{"method":"GET","url":"/api/products"},"res":{"statusCode":200},"responseTime":33,"msg":"request completed"}
{"level":30,"time":1790831691177,"service":"shop-api","reqId":"0c9be832-6174-4789-adf2-c65b35f1b749","req":{"method":"GET","url":"/api/products"},"res":{"statusCode":200},"responseTime":29,"msg":"request completed"}
{"level":30,"time":1790831691202,"service":"shop-api","reqId":"0abef6a0-cdb0-4cee-a0c8-28d7871b804e","orderId":838,"amount":33000,"msg":"payment requested"}
{"level":30,"time":1790831691206,"service":"shop-api","reqId":"0abef6a0-cdb0-4cee-a0c8-28d7871b804e","attempt":1,"gatewayTxId":"GW-AA2C75","msg":"gateway call"}
{"level":40,"time":1790831692206,"service":"shop-api","reqId":"0abef6a0-cdb0-4cee-a0c8-28d7871b804e","attempt":1,"err":{"code":"ETIMEDOUT"},"msg":"payment gateway timeout"}
{"level":30,"time":1790831692211,"service":"shop-api","reqId":"0abef6a0-cdb0-4cee-a0c8-28d7871b804e","attempt":2,"gatewayTxId":"GW-AA2C75","msg":"gateway call"}
{"level":40,"time":1790831693211,"service":"shop-api","reqId":"0abef6a0-cdb0-4cee-a0c8-28d7871b804e","attempt":2,"err":{"code":"ETIMEDOUT"},"msg":"payment gateway timeout"}
{"level":50,"time":1790831693216,"service":"shop-api","reqId":"0abef6a0-cdb0-4cee-a0c8-28d7871b804e","orderId":838,"gatewayTxId":"GW-AA2C75","err":{"code":"ETIMEDOUT","message":"gateway did not respond within 1000ms"},"msg":"payment failed"}
{"level":50,"time":1790831693220,"service":"shop-api","reqId":"0abef6a0-cdb0-4cee-a0c8-28d7871b804e","req":{"method":"POST","url":"/api/orders/838/pay"},"res":{"statusCode":502},"responseTime":2020,"msg":"request completed"}
{"level":30,"time":1790831711078,"service":"shop-api","reqId":"aa5d7180-992b-4e10-b98c-4013072f229c","orderId":814,"amount":71000,"msg":"payment requested"}
{"level":30,"time":1790831711082,"service":"shop-api","reqId":"aa5d7180-992b-4e10-b98c-4013072f229c","attempt":1,"gatewayTxId":"GW-09F893","msg":"gateway call"}
{"level":40,"time":1790831712082,"service":"shop-api","reqId":"aa5d7180-992b-4e10-b98c-4013072f229c","attempt":1,"err":{"code":"ETIMEDOUT"},"msg":"payment gateway timeout"}
{"level":30,"time":1790831712087,"service":"shop-api","reqId":"aa5d7180-992b-4e10-b98c-4013072f229c","attempt":2,"gatewayTxId":"GW-09F893","msg":"gateway call"}
{"level":40,"time":1790831713087,"service":"shop-api","reqId":"aa5d7180-992b-4e10-b98c-4013072f229c","attempt":2,"err":{"code":"ETIMEDOUT"},"msg":"payment gateway timeout"}
{"level":50,"time":1790831713092,"service":"shop-api","reqId":"aa5d7180-992b-4e10-b98c-4013072f229c","orderId":814,"gatewayTxId":"GW-09F893","err":{"code":"ETIMEDOUT","message":"gateway did not respond within 1000ms"},"msg":"payment failed"}
{"level":50,"time":1790831713096,"service":"shop-api","reqId":"aa5d7180-992b-4e10-b98c-4013072f229c","req":{"method":"POST","url":"/api/orders/814/pay"},"res":{"statusCode":502},"responseTime":2020,"msg":"request completed"}
{"level":30,"time":1790831723531,"service":"shop-api","reqId":"2ac72496-0694-43f7-bfe0-49bd0726647e","req":{"method":"GET","url":"/api/products/8"},"res":{"statusCode":200},"responseTime":17,"msg":"request completed"}
{"level":30,"time":1790831730728,"service":"shop-api","reqId":"2bf55d37-d6e2-4f63-880f-e16372c877bf","orderId":831,"amount":38000,"msg":"payment requested"}
{"level":30,"time":1790831730732,"service":"shop-api","reqId":"2bf55d37-d6e2-4f63-880f-e16372c877bf","attempt":1,"gatewayTxId":"GW-AF6D27","msg":"gateway call"}
{"level":30,"time":1790831730767,"service":"shop-api","reqId":"2bf55d37-d6e2-4f63-880f-e16372c877bf","orderId":831,"gatewayTxId":"GW-AF6D27","msg":"payment approved"}
{"level":30,"time":1790831730770,"service":"shop-api","reqId":"2bf55d37-d6e2-4f63-880f-e16372c877bf","req":{"method":"POST","url":"/api/orders/831/pay"},"res":{"statusCode":200},"responseTime":44,"msg":"request completed"}
{"level":30,"time":1790831748934,"service":"shop-api","reqId":"8b25d32e-8787-48d1-a4c7-4488490006f5","req":{"method":"PUT","url":"/api/cart/items/8"},"res":{"statusCode":400},"responseTime":31,"msg":"request completed"}
{"level":30,"time":1790831761340,"service":"shop-api","reqId":"88913322-e2fb-47e4-8afc-69f4c111dabe","req":{"method":"GET","url":"/api/products"},"res":{"statusCode":200},"responseTime":15,"msg":"request completed"}
{"level":30,"time":1790831769341,"service":"shop-api","reqId":"f33438e5-7da2-4017-a463-0a162b4bc9f9","req":{"method":"GET","url":"/api/products/6"},"res":{"statusCode":200},"responseTime":16,"msg":"request completed"}
{"level":30,"time":1790831772888,"service":"shop-api","reqId":"9766974b-2862-465c-86c8-c203b2565b80","orderId":834,"amount":36000,"msg":"payment requested"}
{"level":30,"time":1790831772892,"service":"shop-api","reqId":"9766974b-2862-465c-86c8-c203b2565b80","attempt":1,"gatewayTxId":"GW-7D009B","msg":"gateway call"}
{"level":40,"time":1790831773892,"service":"shop-api","reqId":"9766974b-2862-465c-86c8-c203b2565b80","attempt":1,"err":{"code":"ETIMEDOUT"},"msg":"payment gateway timeout"}
{"level":30,"time":1790831773897,"service":"shop-api","reqId":"9766974b-2862-465c-86c8-c203b2565b80","attempt":2,"gatewayTxId":"GW-7D009B","msg":"gateway call"}
{"level":40,"time":1790831774897,"service":"shop-api","reqId":"9766974b-2862-465c-86c8-c203b2565b80","attempt":2,"err":{"code":"ETIMEDOUT"},"msg":"payment gateway timeout"}
{"level":50,"time":1790831774902,"service":"shop-api","reqId":"9766974b-2862-465c-86c8-c203b2565b80","orderId":834,"gatewayTxId":"GW-7D009B","err":{"code":"ETIMEDOUT","message":"gateway did not respond within 1000ms"},"msg":"payment failed"}
{"level":50,"time":1790831774906,"service":"shop-api","reqId":"9766974b-2862-465c-86c8-c203b2565b80","req":{"method":"POST","url":"/api/orders/834/pay"},"res":{"statusCode":502},"responseTime":2020,"msg":"request completed"}
{"level":30,"time":1790831777000,"service":"shop-api","reqId":"bc4fe092-cd29-4223-af6e-a683dc7ed80c","req":{"method":"POST","url":"/api/quote"},"res":{"statusCode":200},"responseTime":31,"msg":"request completed"}
{"level":30,"time":1790831785491,"service":"shop-api","reqId":"46094448-8487-421d-bbf3-d871701966cc","req":{"method":"GET","url":"/api/products"},"res":{"statusCode":200},"responseTime":20,"msg":"request completed"}
{"level":30,"time":1790831787011,"service":"shop-api","reqId":"626d88b4-a174-451f-8df7-523bbe463585","orderId":832,"amount":41000,"msg":"payment requested"}
{"level":30,"time":1790831787015,"service":"shop-api","reqId":"626d88b4-a174-451f-8df7-523bbe463585","attempt":1,"gatewayTxId":"GW-45C95E","msg":"gateway call"}
{"level":30,"time":1790831787050,"service":"shop-api","reqId":"626d88b4-a174-451f-8df7-523bbe463585","orderId":832,"gatewayTxId":"GW-45C95E","msg":"payment approved"}
{"level":30,"time":1790831787053,"service":"shop-api","reqId":"626d88b4-a174-451f-8df7-523bbe463585","req":{"method":"POST","url":"/api/orders/832/pay"},"res":{"statusCode":200},"responseTime":44,"msg":"request completed"}
{"level":30,"time":1790831787950,"service":"shop-api","reqId":"2ad5fcec-4cbb-4428-a508-e80867ec844d","orderId":835,"amount":85000,"msg":"payment requested"}
{"level":30,"time":1790831787954,"service":"shop-api","reqId":"2ad5fcec-4cbb-4428-a508-e80867ec844d","attempt":1,"gatewayTxId":"GW-23A7A6","msg":"gateway call"}
{"level":40,"time":1790831788954,"service":"shop-api","reqId":"2ad5fcec-4cbb-4428-a508-e80867ec844d","attempt":1,"err":{"code":"ETIMEDOUT"},"msg":"payment gateway timeout"}
{"level":30,"time":1790831788959,"service":"shop-api","reqId":"2ad5fcec-4cbb-4428-a508-e80867ec844d","attempt":2,"gatewayTxId":"GW-23A7A6","msg":"gateway call"}
{"level":40,"time":1790831789959,"service":"shop-api","reqId":"2ad5fcec-4cbb-4428-a508-e80867ec844d","attempt":2,"err":{"code":"ETIMEDOUT"},"msg":"payment gateway timeout"}
{"level":50,"time":1790831789964,"service":"shop-api","reqId":"2ad5fcec-4cbb-4428-a508-e80867ec844d","orderId":835,"gatewayTxId":"GW-23A7A6","err":{"code":"ETIMEDOUT","message":"gateway did not respond within 1000ms"},"msg":"payment failed"}
{"level":50,"time":1790831789968,"service":"shop-api","reqId":"2ad5fcec-4cbb-4428-a508-e80867ec844d","req":{"method":"POST","url":"/api/orders/835/pay"},"res":{"statusCode":502},"responseTime":2020,"msg":"request completed"}
{"level":30,"time":1790831790478,"service":"shop-api","reqId":"2efa7ebe-facf-4064-af60-7d9211cff5eb","orderId":822,"amount":55000,"msg":"payment requested"}
{"level":30,"time":1790831790482,"service":"shop-api","reqId":"2efa7ebe-facf-4064-af60-7d9211cff5eb","attempt":1,"gatewayTxId":"GW-23E1B2","msg":"gateway call"}
{"level":40,"time":1790831791482,"service":"shop-api","reqId":"2efa7ebe-facf-4064-af60-7d9211cff5eb","attempt":1,"err":{"code":"ETIMEDOUT"},"msg":"payment gateway timeout"}
{"level":30,"time":1790831791487,"service":"shop-api","reqId":"2efa7ebe-facf-4064-af60-7d9211cff5eb","attempt":2,"gatewayTxId":"GW-23E1B2","msg":"gateway call"}
{"level":40,"time":1790831792487,"service":"shop-api","reqId":"2efa7ebe-facf-4064-af60-7d9211cff5eb","attempt":2,"err":{"code":"ETIMEDOUT"},"msg":"payment gateway timeout"}
{"level":30,"time":1790831792492,"service":"shop-api","reqId":"2efa7ebe-facf-4064-af60-7d9211cff5eb","attempt":3,"gatewayTxId":"GW-23E1B2","msg":"gateway call"}
{"level":40,"time":1790831793492,"service":"shop-api","reqId":"2efa7ebe-facf-4064-af60-7d9211cff5eb","attempt":3,"err":{"code":"ETIMEDOUT"},"msg":"payment gateway timeout"}
{"level":50,"time":1790831793497,"service":"shop-api","reqId":"2efa7ebe-facf-4064-af60-7d9211cff5eb","orderId":822,"gatewayTxId":"GW-23E1B2","err":{"code":"ETIMEDOUT","message":"gateway did not respond within 1000ms"},"msg":"payment failed"}
{"level":50,"time":1790831793501,"service":"shop-api","reqId":"2efa7ebe-facf-4064-af60-7d9211cff5eb","req":{"method":"POST","url":"/api/orders/822/pay"},"res":{"statusCode":502},"responseTime":3025,"msg":"request completed"}
{"level":30,"time":1790831794213,"service":"shop-api","reqId":"256a6dec-b45b-4abe-a73a-34989ea3bcfc","orderId":828,"amount":45000,"msg":"payment requested"}
{"level":30,"time":1790831794217,"service":"shop-api","reqId":"256a6dec-b45b-4abe-a73a-34989ea3bcfc","attempt":1,"gatewayTxId":"GW-E42E36","msg":"gateway call"}
{"level":30,"time":1790831794957,"service":"shop-api","reqId":"f36eea72-c375-48bb-b453-58d90f288a4d","req":{"method":"POST","url":"/api/orders"},"res":{"statusCode":201},"responseTime":59,"msg":"request completed"}
{"level":40,"time":1790831795217,"service":"shop-api","reqId":"256a6dec-b45b-4abe-a73a-34989ea3bcfc","attempt":1,"err":{"code":"ETIMEDOUT"},"msg":"payment gateway timeout"}
{"level":30,"time":1790831795222,"service":"shop-api","reqId":"256a6dec-b45b-4abe-a73a-34989ea3bcfc","attempt":2,"gatewayTxId":"GW-E42E36","msg":"gateway call"}
{"level":30,"time":1790831795500,"service":"shop-api","reqId":"cae41f69-d621-4794-923f-c887a4c4ba3d","req":{"method":"POST","url":"/api/quote"},"res":{"statusCode":200},"responseTime":24,"msg":"request completed"}
{"level":40,"time":1790831796222,"service":"shop-api","reqId":"256a6dec-b45b-4abe-a73a-34989ea3bcfc","attempt":2,"err":{"code":"ETIMEDOUT"},"msg":"payment gateway timeout"}
{"level":30,"time":1790831796227,"service":"shop-api","reqId":"256a6dec-b45b-4abe-a73a-34989ea3bcfc","attempt":3,"gatewayTxId":"GW-E42E36","msg":"gateway call"}
{"level":40,"time":1790831797227,"service":"shop-api","reqId":"256a6dec-b45b-4abe-a73a-34989ea3bcfc","attempt":3,"err":{"code":"ETIMEDOUT"},"msg":"payment gateway timeout"}
{"level":50,"time":1790831797232,"service":"shop-api","reqId":"256a6dec-b45b-4abe-a73a-34989ea3bcfc","orderId":828,"gatewayTxId":"GW-E42E36","err":{"code":"ETIMEDOUT","message":"gateway did not respond within 1000ms"},"msg":"payment failed"}
{"level":50,"time":1790831797236,"service":"shop-api","reqId":"256a6dec-b45b-4abe-a73a-34989ea3bcfc","req":{"method":"POST","url":"/api/orders/828/pay"},"res":{"statusCode":502},"responseTime":3025,"msg":"request completed"}
{"level":30,"time":1790831801420,"service":"shop-api","reqId":"d1834afd-01cf-4027-9563-d8bcca54ab46","req":{"method":"GET","url":"/api/products"},"res":{"statusCode":200},"responseTime":6,"msg":"request completed"}
{"level":30,"time":1790831802304,"service":"shop-api","reqId":"547fe3e3-81c4-4e3f-a146-c1be0aebb3bd","req":{"method":"PUT","url":"/api/cart/items/7"},"res":{"statusCode":400},"responseTime":16,"msg":"request completed"}
{"level":30,"time":1790831809043,"service":"shop-api","reqId":"ba7750d5-343c-4343-9e9b-6f36db361dcd","orderId":826,"amount":35000,"msg":"payment requested"}
{"level":30,"time":1790831809047,"service":"shop-api","reqId":"ba7750d5-343c-4343-9e9b-6f36db361dcd","attempt":1,"gatewayTxId":"GW-B0FD79","msg":"gateway call"}
{"level":40,"time":1790831810047,"service":"shop-api","reqId":"ba7750d5-343c-4343-9e9b-6f36db361dcd","attempt":1,"err":{"code":"ETIMEDOUT"},"msg":"payment gateway timeout"}
{"level":30,"time":1790831810052,"service":"shop-api","reqId":"ba7750d5-343c-4343-9e9b-6f36db361dcd","attempt":2,"gatewayTxId":"GW-B0FD79","msg":"gateway call"}
{"level":40,"time":1790831811052,"service":"shop-api","reqId":"ba7750d5-343c-4343-9e9b-6f36db361dcd","attempt":2,"err":{"code":"ETIMEDOUT"},"msg":"payment gateway timeout"}
{"level":30,"time":1790831811057,"service":"shop-api","reqId":"ba7750d5-343c-4343-9e9b-6f36db361dcd","attempt":3,"gatewayTxId":"GW-B0FD79","msg":"gateway call"}
{"level":40,"time":1790831812057,"service":"shop-api","reqId":"ba7750d5-343c-4343-9e9b-6f36db361dcd","attempt":3,"err":{"code":"ETIMEDOUT"},"msg":"payment gateway timeout"}
{"level":50,"time":1790831812062,"service":"shop-api","reqId":"ba7750d5-343c-4343-9e9b-6f36db361dcd","orderId":826,"gatewayTxId":"GW-B0FD79","err":{"code":"ETIMEDOUT","message":"gateway did not respond within 1000ms"},"msg":"payment failed"}
{"level":50,"time":1790831812066,"service":"shop-api","reqId":"ba7750d5-343c-4343-9e9b-6f36db361dcd","req":{"method":"POST","url":"/api/orders/826/pay"},"res":{"statusCode":502},"responseTime":3025,"msg":"request completed"}
{"level":30,"time":1790831822968,"service":"shop-api","reqId":"58e5ed7e-5a24-4dcc-b201-2be0dd47abc1","orderId":816,"amount":78000,"msg":"payment requested"}
{"level":30,"time":1790831822972,"service":"shop-api","reqId":"58e5ed7e-5a24-4dcc-b201-2be0dd47abc1","attempt":1,"gatewayTxId":"GW-FD5EF4","msg":"gateway call"}
{"level":40,"time":1790831823972,"service":"shop-api","reqId":"58e5ed7e-5a24-4dcc-b201-2be0dd47abc1","attempt":1,"err":{"code":"ETIMEDOUT"},"msg":"payment gateway timeout"}
{"level":30,"time":1790831823977,"service":"shop-api","reqId":"58e5ed7e-5a24-4dcc-b201-2be0dd47abc1","attempt":2,"gatewayTxId":"GW-FD5EF4","msg":"gateway call"}
{"level":40,"time":1790831824977,"service":"shop-api","reqId":"58e5ed7e-5a24-4dcc-b201-2be0dd47abc1","attempt":2,"err":{"code":"ETIMEDOUT"},"msg":"payment gateway timeout"}
{"level":30,"time":1790831824982,"service":"shop-api","reqId":"58e5ed7e-5a24-4dcc-b201-2be0dd47abc1","attempt":3,"gatewayTxId":"GW-FD5EF4","msg":"gateway call"}
{"level":40,"time":1790831825982,"service":"shop-api","reqId":"58e5ed7e-5a24-4dcc-b201-2be0dd47abc1","attempt":3,"err":{"code":"ETIMEDOUT"},"msg":"payment gateway timeout"}
{"level":50,"time":1790831825987,"service":"shop-api","reqId":"58e5ed7e-5a24-4dcc-b201-2be0dd47abc1","orderId":816,"gatewayTxId":"GW-FD5EF4","err":{"code":"ETIMEDOUT","message":"gateway did not respond within 1000ms"},"msg":"payment failed"}
{"level":50,"time":1790831825991,"service":"shop-api","reqId":"58e5ed7e-5a24-4dcc-b201-2be0dd47abc1","req":{"method":"POST","url":"/api/orders/816/pay"},"res":{"statusCode":502},"responseTime":3025,"msg":"request completed"}
{"level":30,"time":1790831841863,"service":"shop-api","reqId":"8b35c53b-4367-4967-b474-e6439c7f27ec","req":{"method":"GET","url":"/api/products"},"res":{"statusCode":200},"responseTime":10,"msg":"request completed"}
{"level":30,"time":1790831852427,"service":"shop-api","reqId":"7eda9173-98f9-44dd-b4ea-28051539b172","orderId":810,"amount":102000,"msg":"payment requested"}
{"level":30,"time":1790831852431,"service":"shop-api","reqId":"7eda9173-98f9-44dd-b4ea-28051539b172","attempt":1,"gatewayTxId":"GW-1B43F7","msg":"gateway call"}
{"level":30,"time":1790831852466,"service":"shop-api","reqId":"7eda9173-98f9-44dd-b4ea-28051539b172","orderId":810,"gatewayTxId":"GW-1B43F7","msg":"payment approved"}
{"level":30,"time":1790831852469,"service":"shop-api","reqId":"7eda9173-98f9-44dd-b4ea-28051539b172","req":{"method":"POST","url":"/api/orders/810/pay"},"res":{"statusCode":200},"responseTime":44,"msg":"request completed"}
{"level":30,"time":1790831870694,"service":"shop-api","reqId":"e1435cef-d501-4dee-8186-598756abbddd","req":{"method":"POST","url":"/api/auth/login"},"res":{"statusCode":200},"responseTime":74,"msg":"request completed"}
{"level":30,"time":1790831883024,"service":"shop-api","reqId":"c3228515-5df4-4746-8355-adbc0b1063b2","req":{"method":"POST","url":"/api/auth/login"},"res":{"statusCode":200},"responseTime":74,"msg":"request completed"}
{"level":30,"time":1790831887013,"service":"shop-api","reqId":"d817ea05-bb27-4932-aada-2062eac34d97","req":{"method":"GET","url":"/api/products"},"res":{"statusCode":200},"responseTime":34,"msg":"request completed"}
{"level":30,"time":1790831887190,"service":"shop-api","reqId":"13b3879c-eb5c-4186-b92b-c9dbb8c41809","req":{"method":"PUT","url":"/api/cart/items/2"},"res":{"statusCode":200},"responseTime":23,"msg":"request completed"}
{"level":30,"time":1790831905112,"service":"shop-api","reqId":"2600b0b9-ff80-42ac-96b7-342174034cc7","orderId":831,"amount":111000,"msg":"payment requested"}
{"level":30,"time":1790831905116,"service":"shop-api","reqId":"2600b0b9-ff80-42ac-96b7-342174034cc7","attempt":1,"gatewayTxId":"GW-2499FC","msg":"gateway call"}
{"level":40,"time":1790831906116,"service":"shop-api","reqId":"2600b0b9-ff80-42ac-96b7-342174034cc7","attempt":1,"err":{"code":"ETIMEDOUT"},"msg":"payment gateway timeout"}
{"level":30,"time":1790831906121,"service":"shop-api","reqId":"2600b0b9-ff80-42ac-96b7-342174034cc7","attempt":2,"gatewayTxId":"GW-2499FC","msg":"gateway call"}
{"level":40,"time":1790831907121,"service":"shop-api","reqId":"2600b0b9-ff80-42ac-96b7-342174034cc7","attempt":2,"err":{"code":"ETIMEDOUT"},"msg":"payment gateway timeout"}
{"level":50,"time":1790831907126,"service":"shop-api","reqId":"2600b0b9-ff80-42ac-96b7-342174034cc7","orderId":831,"gatewayTxId":"GW-2499FC","err":{"code":"ETIMEDOUT","message":"gateway did not respond within 1000ms"},"msg":"payment failed"}
{"level":50,"time":1790831907130,"service":"shop-api","reqId":"2600b0b9-ff80-42ac-96b7-342174034cc7","req":{"method":"POST","url":"/api/orders/831/pay"},"res":{"statusCode":502},"responseTime":2020,"msg":"request completed"}
{"level":30,"time":1790831914800,"service":"shop-api","reqId":"2f0b96b8-2c3e-4814-b3ec-e6069d886edc","req":{"method":"PUT","url":"/api/cart/items/3"},"res":{"statusCode":200},"responseTime":38,"msg":"request completed"}
{"level":30,"time":1790831915333,"service":"shop-api","reqId":"4ad1bcf7-c36f-4326-b7be-7e7b4bf3a039","orderId":817,"amount":68000,"msg":"payment requested"}
{"level":30,"time":1790831915337,"service":"shop-api","reqId":"4ad1bcf7-c36f-4326-b7be-7e7b4bf3a039","attempt":1,"gatewayTxId":"GW-603834","msg":"gateway call"}
{"level":40,"time":1790831916337,"service":"shop-api","reqId":"4ad1bcf7-c36f-4326-b7be-7e7b4bf3a039","attempt":1,"err":{"code":"ETIMEDOUT"},"msg":"payment gateway timeout"}
{"level":30,"time":1790831916342,"service":"shop-api","reqId":"4ad1bcf7-c36f-4326-b7be-7e7b4bf3a039","attempt":2,"gatewayTxId":"GW-603834","msg":"gateway call"}
{"level":40,"time":1790831917342,"service":"shop-api","reqId":"4ad1bcf7-c36f-4326-b7be-7e7b4bf3a039","attempt":2,"err":{"code":"ETIMEDOUT"},"msg":"payment gateway timeout"}
{"level":30,"time":1790831917347,"service":"shop-api","reqId":"4ad1bcf7-c36f-4326-b7be-7e7b4bf3a039","attempt":3,"gatewayTxId":"GW-603834","msg":"gateway call"}
{"level":40,"time":1790831918347,"service":"shop-api","reqId":"4ad1bcf7-c36f-4326-b7be-7e7b4bf3a039","attempt":3,"err":{"code":"ETIMEDOUT"},"msg":"payment gateway timeout"}
{"level":50,"time":1790831918352,"service":"shop-api","reqId":"4ad1bcf7-c36f-4326-b7be-7e7b4bf3a039","orderId":817,"gatewayTxId":"GW-603834","err":{"code":"ETIMEDOUT","message":"gateway did not respond within 1000ms"},"msg":"payment failed"}
{"level":50,"time":1790831918356,"service":"shop-api","reqId":"4ad1bcf7-c36f-4326-b7be-7e7b4bf3a039","req":{"method":"POST","url":"/api/orders/817/pay"},"res":{"statusCode":502},"responseTime":3025,"msg":"request completed"}
{"level":30,"time":1790831930137,"service":"shop-api","reqId":"238613c3-e0ab-4601-b323-bfaf246828c3","req":{"method":"GET","url":"/api/products"},"res":{"statusCode":200},"responseTime":34,"msg":"request completed"}
{"level":30,"time":1790831961590,"service":"shop-api","reqId":"4979a5e7-72b3-463c-9440-7bd687a3a72c","req":{"method":"POST","url":"/api/orders"},"res":{"statusCode":201},"responseTime":34,"msg":"request completed"}
{"level":30,"time":1790831962822,"service":"shop-api","reqId":"93fd3209-7db8-4c66-a44a-69dd4b006171","req":{"method":"POST","url":"/api/quote"},"res":{"statusCode":200},"responseTime":34,"msg":"request completed"}
{"level":30,"time":1790831983806,"service":"shop-api","reqId":"27cca8c7-c1c0-48b3-8d19-34ede210db27","req":{"method":"POST","url":"/api/quote"},"res":{"statusCode":200},"responseTime":16,"msg":"request completed"}
{"level":30,"time":1790831984003,"service":"shop-api","reqId":"686958cd-d45a-452c-9d3c-b5f01ae38219","req":{"method":"POST","url":"/api/auth/login"},"res":{"statusCode":200},"responseTime":74,"msg":"request completed"}
{"level":30,"time":1790831991863,"service":"shop-api","reqId":"1f4b34a0-a441-4a3e-b77c-93475b74d64f","req":{"method":"GET","url":"/api/products/3"},"res":{"statusCode":200},"responseTime":4,"msg":"request completed"}
{"level":30,"time":1790832009423,"service":"shop-api","reqId":"8cace1da-5e2f-46b9-8bd0-e87dc2def541","req":{"method":"POST","url":"/api/quote"},"res":{"statusCode":200},"responseTime":45,"msg":"request completed"}
{"level":30,"time":1790832022487,"service":"shop-api","reqId":"652ef1d3-df9e-4eb2-9886-bc47bd796c1b","orderId":841,"amount":24000,"msg":"payment requested"}
{"level":30,"time":1790832022491,"service":"shop-api","reqId":"652ef1d3-df9e-4eb2-9886-bc47bd796c1b","attempt":1,"gatewayTxId":"GW-2B8CD1","msg":"gateway call"}
{"level":40,"time":1790832023491,"service":"shop-api","reqId":"652ef1d3-df9e-4eb2-9886-bc47bd796c1b","attempt":1,"err":{"code":"ETIMEDOUT"},"msg":"payment gateway timeout"}
{"level":30,"time":1790832023496,"service":"shop-api","reqId":"652ef1d3-df9e-4eb2-9886-bc47bd796c1b","attempt":2,"gatewayTxId":"GW-2B8CD1","msg":"gateway call"}
{"level":40,"time":1790832024496,"service":"shop-api","reqId":"652ef1d3-df9e-4eb2-9886-bc47bd796c1b","attempt":2,"err":{"code":"ETIMEDOUT"},"msg":"payment gateway timeout"}
{"level":50,"time":1790832024501,"service":"shop-api","reqId":"652ef1d3-df9e-4eb2-9886-bc47bd796c1b","orderId":841,"gatewayTxId":"GW-2B8CD1","err":{"code":"ETIMEDOUT","message":"gateway did not respond within 1000ms"},"msg":"payment failed"}
{"level":50,"time":1790832024505,"service":"shop-api","reqId":"652ef1d3-df9e-4eb2-9886-bc47bd796c1b","req":{"method":"POST","url":"/api/orders/841/pay"},"res":{"statusCode":502},"responseTime":2020,"msg":"request completed"}
{"level":30,"time":1790832037249,"service":"shop-api","reqId":"bb87aee0-5c18-4134-b35b-dbd867e294f5","orderId":823,"amount":14000,"msg":"payment requested"}
{"level":30,"time":1790832037253,"service":"shop-api","reqId":"bb87aee0-5c18-4134-b35b-dbd867e294f5","attempt":1,"gatewayTxId":"GW-E56133","msg":"gateway call"}
{"level":40,"time":1790832038253,"service":"shop-api","reqId":"bb87aee0-5c18-4134-b35b-dbd867e294f5","attempt":1,"err":{"code":"ETIMEDOUT"},"msg":"payment gateway timeout"}
{"level":30,"time":1790832038258,"service":"shop-api","reqId":"bb87aee0-5c18-4134-b35b-dbd867e294f5","attempt":2,"gatewayTxId":"GW-E56133","msg":"gateway call"}
{"level":40,"time":1790832039258,"service":"shop-api","reqId":"bb87aee0-5c18-4134-b35b-dbd867e294f5","attempt":2,"err":{"code":"ETIMEDOUT"},"msg":"payment gateway timeout"}
{"level":50,"time":1790832039263,"service":"shop-api","reqId":"bb87aee0-5c18-4134-b35b-dbd867e294f5","orderId":823,"gatewayTxId":"GW-E56133","err":{"code":"ETIMEDOUT","message":"gateway did not respond within 1000ms"},"msg":"payment failed"}
{"level":50,"time":1790832039267,"service":"shop-api","reqId":"bb87aee0-5c18-4134-b35b-dbd867e294f5","req":{"method":"POST","url":"/api/orders/823/pay"},"res":{"statusCode":502},"responseTime":2020,"msg":"request completed"}
{"level":30,"time":1790832044480,"service":"shop-api","reqId":"42e99070-3b13-4554-98e4-8b034463c927","orderId":840,"amount":49000,"msg":"payment requested"}
{"level":30,"time":1790832044484,"service":"shop-api","reqId":"42e99070-3b13-4554-98e4-8b034463c927","attempt":1,"gatewayTxId":"GW-4B3205","msg":"gateway call"}
{"level":40,"time":1790832045484,"service":"shop-api","reqId":"42e99070-3b13-4554-98e4-8b034463c927","attempt":1,"err":{"code":"ETIMEDOUT"},"msg":"payment gateway timeout"}
{"level":30,"time":1790832045489,"service":"shop-api","reqId":"42e99070-3b13-4554-98e4-8b034463c927","attempt":2,"gatewayTxId":"GW-4B3205","msg":"gateway call"}
{"level":40,"time":1790832046489,"service":"shop-api","reqId":"42e99070-3b13-4554-98e4-8b034463c927","attempt":2,"err":{"code":"ETIMEDOUT"},"msg":"payment gateway timeout"}
{"level":50,"time":1790832046494,"service":"shop-api","reqId":"42e99070-3b13-4554-98e4-8b034463c927","orderId":840,"gatewayTxId":"GW-4B3205","err":{"code":"ETIMEDOUT","message":"gateway did not respond within 1000ms"},"msg":"payment failed"}
{"level":50,"time":1790832046498,"service":"shop-api","reqId":"42e99070-3b13-4554-98e4-8b034463c927","req":{"method":"POST","url":"/api/orders/840/pay"},"res":{"statusCode":502},"responseTime":2020,"msg":"request completed"}
{"level":30,"time":1790832046590,"service":"shop-api","reqId":"fe128d1d-3c90-4229-aaf8-3d50485171dc","orderId":836,"amount":66000,"msg":"payment requested"}
{"level":30,"time":1790832046594,"service":"shop-api","reqId":"fe128d1d-3c90-4229-aaf8-3d50485171dc","attempt":1,"gatewayTxId":"GW-9BF64F","msg":"gateway call"}
{"level":40,"time":1790832047594,"service":"shop-api","reqId":"fe128d1d-3c90-4229-aaf8-3d50485171dc","attempt":1,"err":{"code":"ETIMEDOUT"},"msg":"payment gateway timeout"}
{"level":30,"time":1790832047599,"service":"shop-api","reqId":"fe128d1d-3c90-4229-aaf8-3d50485171dc","attempt":2,"gatewayTxId":"GW-9BF64F","msg":"gateway call"}
{"level":40,"time":1790832048599,"service":"shop-api","reqId":"fe128d1d-3c90-4229-aaf8-3d50485171dc","attempt":2,"err":{"code":"ETIMEDOUT"},"msg":"payment gateway timeout"}
{"level":30,"time":1790832048604,"service":"shop-api","reqId":"fe128d1d-3c90-4229-aaf8-3d50485171dc","attempt":3,"gatewayTxId":"GW-9BF64F","msg":"gateway call"}
{"level":40,"time":1790832049604,"service":"shop-api","reqId":"fe128d1d-3c90-4229-aaf8-3d50485171dc","attempt":3,"err":{"code":"ETIMEDOUT"},"msg":"payment gateway timeout"}
{"level":50,"time":1790832049609,"service":"shop-api","reqId":"fe128d1d-3c90-4229-aaf8-3d50485171dc","orderId":836,"gatewayTxId":"GW-9BF64F","err":{"code":"ETIMEDOUT","message":"gateway did not respond within 1000ms"},"msg":"payment failed"}
{"level":50,"time":1790832049613,"service":"shop-api","reqId":"fe128d1d-3c90-4229-aaf8-3d50485171dc","req":{"method":"POST","url":"/api/orders/836/pay"},"res":{"statusCode":502},"responseTime":3025,"msg":"request completed"}
{"level":30,"time":1790832062626,"service":"shop-api","reqId":"b20adb3f-f5a8-4fb3-bdb1-35a11d4a5b14","req":{"method":"PUT","url":"/api/cart/items/7"},"res":{"statusCode":200},"responseTime":32,"msg":"request completed"}
{"level":30,"time":1790832070023,"service":"shop-api","reqId":"d7f40b33-819f-4348-8f76-ec0b2049915a","req":{"method":"GET","url":"/api/orders/858"},"res":{"statusCode":200},"responseTime":17,"msg":"request completed"}
{"level":30,"time":1790832076561,"service":"shop-api","reqId":"b6c680e6-5186-4de3-b079-09475e154b67","req":{"method":"PUT","url":"/api/cart/items/11"},"res":{"statusCode":200},"responseTime":40,"msg":"request completed"}
{"level":30,"time":1790832089468,"service":"shop-api","reqId":"79009da3-0611-4e50-9aac-98b2060dc022","req":{"method":"POST","url":"/api/orders"},"res":{"statusCode":201},"responseTime":57,"msg":"request completed"}
{"level":30,"time":1790832092671,"service":"shop-api","reqId":"ca8f1728-247d-4904-93f1-3396628103bc","req":{"method":"GET","url":"/api/products"},"res":{"statusCode":200},"responseTime":26,"msg":"request completed"}
{"level":30,"time":1790832104626,"service":"shop-api","reqId":"e26bb499-d04f-4b73-87c7-aac562bb132f","req":{"method":"GET","url":"/api/products"},"res":{"statusCode":200},"responseTime":17,"msg":"request completed"}
{"level":30,"time":1790832111196,"service":"shop-api","reqId":"d287a5fa-fa85-415a-88b5-7655323ad6f6","req":{"method":"GET","url":"/api/products/3"},"res":{"statusCode":200},"responseTime":9,"msg":"request completed"}
{"level":30,"time":1790832119955,"service":"shop-api","reqId":"7f1c2671-0498-4705-8d63-bcdc3437af08","req":{"method":"GET","url":"/api/products/4"},"res":{"statusCode":200},"responseTime":7,"msg":"request completed"}
{"level":30,"time":1790832122673,"service":"shop-api","reqId":"284159ab-4add-41ef-8c37-7756eb7ea0b2","req":{"method":"GET","url":"/api/products/6"},"res":{"statusCode":200},"responseTime":16,"msg":"request completed"}
{"level":30,"time":1790832124522,"service":"shop-api","reqId":"6d61d584-5452-4858-aa51-6757735ea5b9","req":{"method":"GET","url":"/api/products"},"res":{"statusCode":200},"responseTime":8,"msg":"request completed"}
{"level":30,"time":1790832129917,"service":"shop-api","reqId":"153ef12d-9e82-4cdb-b477-b905c44df14e","req":{"method":"GET","url":"/api/products"},"res":{"statusCode":200},"responseTime":33,"msg":"request completed"}
{"level":30,"time":1790832146196,"service":"shop-api","reqId":"95fe0cf7-8625-43a4-802d-f8c759404978","orderId":846,"amount":51000,"msg":"payment requested"}
{"level":30,"time":1790832146200,"service":"shop-api","reqId":"95fe0cf7-8625-43a4-802d-f8c759404978","attempt":1,"gatewayTxId":"GW-485855","msg":"gateway call"}
{"level":40,"time":1790832147200,"service":"shop-api","reqId":"95fe0cf7-8625-43a4-802d-f8c759404978","attempt":1,"err":{"code":"ETIMEDOUT"},"msg":"payment gateway timeout"}
{"level":30,"time":1790832147205,"service":"shop-api","reqId":"95fe0cf7-8625-43a4-802d-f8c759404978","attempt":2,"gatewayTxId":"GW-485855","msg":"gateway call"}
{"level":40,"time":1790832148205,"service":"shop-api","reqId":"95fe0cf7-8625-43a4-802d-f8c759404978","attempt":2,"err":{"code":"ETIMEDOUT"},"msg":"payment gateway timeout"}
{"level":50,"time":1790832148210,"service":"shop-api","reqId":"95fe0cf7-8625-43a4-802d-f8c759404978","orderId":846,"gatewayTxId":"GW-485855","err":{"code":"ETIMEDOUT","message":"gateway did not respond within 1000ms"},"msg":"payment failed"}
{"level":50,"time":1790832148214,"service":"shop-api","reqId":"95fe0cf7-8625-43a4-802d-f8c759404978","req":{"method":"POST","url":"/api/orders/846/pay"},"res":{"statusCode":502},"responseTime":2020,"msg":"request completed"}
{"level":30,"time":1790832149234,"service":"shop-api","reqId":"92852a0c-1309-45d0-b307-1ff013ea17d4","req":{"method":"POST","url":"/api/auth/login"},"res":{"statusCode":200},"responseTime":77,"msg":"request completed"}
{"level":30,"time":1790832153317,"service":"shop-api","reqId":"20913007-a7c6-41c2-93b4-7d09dde20c57","req":{"method":"POST","url":"/api/quote"},"res":{"statusCode":200},"responseTime":21,"msg":"request completed"}
{"level":30,"time":1790832154135,"service":"shop-api","reqId":"9cac1938-145e-48c6-9708-6fc4cf7477ab","orderId":847,"amount":47000,"msg":"payment requested"}
{"level":30,"time":1790832154139,"service":"shop-api","reqId":"9cac1938-145e-48c6-9708-6fc4cf7477ab","attempt":1,"gatewayTxId":"GW-1098D9","msg":"gateway call"}
{"level":40,"time":1790832155139,"service":"shop-api","reqId":"9cac1938-145e-48c6-9708-6fc4cf7477ab","attempt":1,"err":{"code":"ETIMEDOUT"},"msg":"payment gateway timeout"}
{"level":30,"time":1790832155144,"service":"shop-api","reqId":"9cac1938-145e-48c6-9708-6fc4cf7477ab","attempt":2,"gatewayTxId":"GW-1098D9","msg":"gateway call"}
{"level":40,"time":1790832156144,"service":"shop-api","reqId":"9cac1938-145e-48c6-9708-6fc4cf7477ab","attempt":2,"err":{"code":"ETIMEDOUT"},"msg":"payment gateway timeout"}
{"level":50,"time":1790832156149,"service":"shop-api","reqId":"9cac1938-145e-48c6-9708-6fc4cf7477ab","orderId":847,"gatewayTxId":"GW-1098D9","err":{"code":"ETIMEDOUT","message":"gateway did not respond within 1000ms"},"msg":"payment failed"}
{"level":50,"time":1790832156153,"service":"shop-api","reqId":"9cac1938-145e-48c6-9708-6fc4cf7477ab","req":{"method":"POST","url":"/api/orders/847/pay"},"res":{"statusCode":502},"responseTime":2020,"msg":"request completed"}
{"level":30,"time":1790832176148,"service":"shop-api","reqId":"fd76fd9e-9142-44f7-abcb-10d6c8d4233f","orderId":837,"amount":12000,"msg":"payment requested"}
{"level":30,"time":1790832176152,"service":"shop-api","reqId":"fd76fd9e-9142-44f7-abcb-10d6c8d4233f","attempt":1,"gatewayTxId":"GW-85B016","msg":"gateway call"}
{"level":40,"time":1790832177152,"service":"shop-api","reqId":"fd76fd9e-9142-44f7-abcb-10d6c8d4233f","attempt":1,"err":{"code":"ETIMEDOUT"},"msg":"payment gateway timeout"}
{"level":30,"time":1790832177157,"service":"shop-api","reqId":"fd76fd9e-9142-44f7-abcb-10d6c8d4233f","attempt":2,"gatewayTxId":"GW-85B016","msg":"gateway call"}
{"level":30,"time":1790832177447,"service":"shop-api","reqId":"91128644-8aee-4d6f-86b1-e4fe38fe8212","req":{"method":"POST","url":"/api/orders"},"res":{"statusCode":201},"responseTime":41,"msg":"request completed"}
{"level":30,"time":1790832177827,"service":"shop-api","reqId":"be1fa03d-4049-4a21-bddb-9f80c10cd7e2","req":{"method":"PUT","url":"/api/cart/items/3"},"res":{"statusCode":409},"responseTime":9,"msg":"request completed"}
{"level":40,"time":1790832178157,"service":"shop-api","reqId":"fd76fd9e-9142-44f7-abcb-10d6c8d4233f","attempt":2,"err":{"code":"ETIMEDOUT"},"msg":"payment gateway timeout"}
{"level":30,"time":1790832178162,"service":"shop-api","reqId":"fd76fd9e-9142-44f7-abcb-10d6c8d4233f","attempt":3,"gatewayTxId":"GW-85B016","msg":"gateway call"}
{"level":30,"time":1790832179112,"service":"shop-api","reqId":"b3b85d85-3ad2-4e5f-87dc-e54e1f8c72e9","req":{"method":"POST","url":"/api/orders"},"res":{"statusCode":201},"responseTime":55,"msg":"request completed"}
{"level":40,"time":1790832179162,"service":"shop-api","reqId":"fd76fd9e-9142-44f7-abcb-10d6c8d4233f","attempt":3,"err":{"code":"ETIMEDOUT"},"msg":"payment gateway timeout"}
{"level":50,"time":1790832179167,"service":"shop-api","reqId":"fd76fd9e-9142-44f7-abcb-10d6c8d4233f","orderId":837,"gatewayTxId":"GW-85B016","err":{"code":"ETIMEDOUT","message":"gateway did not respond within 1000ms"},"msg":"payment failed"}
{"level":50,"time":1790832179171,"service":"shop-api","reqId":"fd76fd9e-9142-44f7-abcb-10d6c8d4233f","req":{"method":"POST","url":"/api/orders/837/pay"},"res":{"statusCode":502},"responseTime":3025,"msg":"request completed"}
{"level":30,"time":1790832183300,"service":"shop-api","reqId":"649bb766-9e4b-4700-b09e-f7a8196e825b","orderId":842,"amount":21000,"msg":"payment requested"}
{"level":30,"time":1790832183304,"service":"shop-api","reqId":"649bb766-9e4b-4700-b09e-f7a8196e825b","attempt":1,"gatewayTxId":"GW-318C97","msg":"gateway call"}
{"level":30,"time":1790832183307,"service":"shop-api","reqId":"d976860d-ef86-4f7f-be3b-6f77578cc1a3","orderId":827,"amount":38000,"msg":"payment requested"}
{"level":30,"time":1790832183311,"service":"shop-api","reqId":"d976860d-ef86-4f7f-be3b-6f77578cc1a3","attempt":1,"gatewayTxId":"GW-20E0EB","msg":"gateway call"}
{"level":40,"time":1790832184304,"service":"shop-api","reqId":"649bb766-9e4b-4700-b09e-f7a8196e825b","attempt":1,"err":{"code":"ETIMEDOUT"},"msg":"payment gateway timeout"}
{"level":30,"time":1790832184309,"service":"shop-api","reqId":"649bb766-9e4b-4700-b09e-f7a8196e825b","attempt":2,"gatewayTxId":"GW-318C97","msg":"gateway call"}
{"level":40,"time":1790832184311,"service":"shop-api","reqId":"d976860d-ef86-4f7f-be3b-6f77578cc1a3","attempt":1,"err":{"code":"ETIMEDOUT"},"msg":"payment gateway timeout"}
{"level":30,"time":1790832184316,"service":"shop-api","reqId":"d976860d-ef86-4f7f-be3b-6f77578cc1a3","attempt":2,"gatewayTxId":"GW-20E0EB","msg":"gateway call"}
{"level":30,"time":1790832184872,"service":"shop-api","reqId":"14b899ef-8a2b-4960-8db3-8ee48e965857","req":{"method":"GET","url":"/api/products"},"res":{"statusCode":200},"responseTime":10,"msg":"request completed"}
{"level":40,"time":1790832185309,"service":"shop-api","reqId":"649bb766-9e4b-4700-b09e-f7a8196e825b","attempt":2,"err":{"code":"ETIMEDOUT"},"msg":"payment gateway timeout"}
{"level":30,"time":1790832185314,"service":"shop-api","reqId":"649bb766-9e4b-4700-b09e-f7a8196e825b","attempt":3,"gatewayTxId":"GW-318C97","msg":"gateway call"}
{"level":40,"time":1790832185316,"service":"shop-api","reqId":"d976860d-ef86-4f7f-be3b-6f77578cc1a3","attempt":2,"err":{"code":"ETIMEDOUT"},"msg":"payment gateway timeout"}
{"level":30,"time":1790832185321,"service":"shop-api","reqId":"d976860d-ef86-4f7f-be3b-6f77578cc1a3","attempt":3,"gatewayTxId":"GW-20E0EB","msg":"gateway call"}
{"level":40,"time":1790832186314,"service":"shop-api","reqId":"649bb766-9e4b-4700-b09e-f7a8196e825b","attempt":3,"err":{"code":"ETIMEDOUT"},"msg":"payment gateway timeout"}
{"level":50,"time":1790832186319,"service":"shop-api","reqId":"649bb766-9e4b-4700-b09e-f7a8196e825b","orderId":842,"gatewayTxId":"GW-318C97","err":{"code":"ETIMEDOUT","message":"gateway did not respond within 1000ms"},"msg":"payment failed"}
{"level":40,"time":1790832186321,"service":"shop-api","reqId":"d976860d-ef86-4f7f-be3b-6f77578cc1a3","attempt":3,"err":{"code":"ETIMEDOUT"},"msg":"payment gateway timeout"}
{"level":50,"time":1790832186323,"service":"shop-api","reqId":"649bb766-9e4b-4700-b09e-f7a8196e825b","req":{"method":"POST","url":"/api/orders/842/pay"},"res":{"statusCode":502},"responseTime":3025,"msg":"request completed"}
{"level":50,"time":1790832186326,"service":"shop-api","reqId":"d976860d-ef86-4f7f-be3b-6f77578cc1a3","orderId":827,"gatewayTxId":"GW-20E0EB","err":{"code":"ETIMEDOUT","message":"gateway did not respond within 1000ms"},"msg":"payment failed"}
{"level":50,"time":1790832186330,"service":"shop-api","reqId":"d976860d-ef86-4f7f-be3b-6f77578cc1a3","req":{"method":"POST","url":"/api/orders/827/pay"},"res":{"statusCode":502},"responseTime":3025,"msg":"request completed"}
{"level":30,"time":1790832196402,"service":"shop-api","reqId":"d6e547d2-9a56-4990-9571-018e33a9c126","req":{"method":"POST","url":"/api/auth/login"},"res":{"statusCode":200},"responseTime":81,"msg":"request completed"}
{"level":30,"time":1790832217953,"service":"shop-api","reqId":"69cee9af-10f4-4072-9b29-2c4fe362958d","orderId":811,"amount":89000,"msg":"payment requested"}
{"level":30,"time":1790832217957,"service":"shop-api","reqId":"69cee9af-10f4-4072-9b29-2c4fe362958d","attempt":1,"gatewayTxId":"GW-3030E5","msg":"gateway call"}
{"level":40,"time":1790832218957,"service":"shop-api","reqId":"69cee9af-10f4-4072-9b29-2c4fe362958d","attempt":1,"err":{"code":"ETIMEDOUT"},"msg":"payment gateway timeout"}
{"level":30,"time":1790832218962,"service":"shop-api","reqId":"69cee9af-10f4-4072-9b29-2c4fe362958d","attempt":2,"gatewayTxId":"GW-3030E5","msg":"gateway call"}
{"level":40,"time":1790832219962,"service":"shop-api","reqId":"69cee9af-10f4-4072-9b29-2c4fe362958d","attempt":2,"err":{"code":"ETIMEDOUT"},"msg":"payment gateway timeout"}
{"level":30,"time":1790832219967,"service":"shop-api","reqId":"69cee9af-10f4-4072-9b29-2c4fe362958d","attempt":3,"gatewayTxId":"GW-3030E5","msg":"gateway call"}
{"level":40,"time":1790832220967,"service":"shop-api","reqId":"69cee9af-10f4-4072-9b29-2c4fe362958d","attempt":3,"err":{"code":"ETIMEDOUT"},"msg":"payment gateway timeout"}
{"level":50,"time":1790832220972,"service":"shop-api","reqId":"69cee9af-10f4-4072-9b29-2c4fe362958d","orderId":811,"gatewayTxId":"GW-3030E5","err":{"code":"ETIMEDOUT","message":"gateway did not respond within 1000ms"},"msg":"payment failed"}
{"level":50,"time":1790832220976,"service":"shop-api","reqId":"69cee9af-10f4-4072-9b29-2c4fe362958d","req":{"method":"POST","url":"/api/orders/811/pay"},"res":{"statusCode":502},"responseTime":3025,"msg":"request completed"}
{"level":30,"time":1790832222952,"service":"shop-api","reqId":"71bd2c58-8458-4cdc-8d39-988793274ca9","req":{"method":"PUT","url":"/api/cart/items/7"},"res":{"statusCode":409},"responseTime":21,"msg":"request completed"}
{"level":30,"time":1790832223001,"service":"shop-api","reqId":"e1a0c8bc-4bff-4cee-ba44-e8e38f03f588","orderId":815,"amount":86000,"msg":"payment requested"}
{"level":30,"time":1790832223005,"service":"shop-api","reqId":"e1a0c8bc-4bff-4cee-ba44-e8e38f03f588","attempt":1,"gatewayTxId":"GW-538316","msg":"gateway call"}
{"level":30,"time":1790832223229,"service":"shop-api","reqId":"cafb6a17-a6f2-45e3-8e6f-e5a23edeac23","orderId":833,"amount":37000,"msg":"payment requested"}
{"level":30,"time":1790832223233,"service":"shop-api","reqId":"cafb6a17-a6f2-45e3-8e6f-e5a23edeac23","attempt":1,"gatewayTxId":"GW-C845FB","msg":"gateway call"}
{"level":30,"time":1790832223268,"service":"shop-api","reqId":"cafb6a17-a6f2-45e3-8e6f-e5a23edeac23","orderId":833,"gatewayTxId":"GW-C845FB","msg":"payment approved"}
{"level":30,"time":1790832223271,"service":"shop-api","reqId":"cafb6a17-a6f2-45e3-8e6f-e5a23edeac23","req":{"method":"POST","url":"/api/orders/833/pay"},"res":{"statusCode":200},"responseTime":44,"msg":"request completed"}
{"level":40,"time":1790832224005,"service":"shop-api","reqId":"e1a0c8bc-4bff-4cee-ba44-e8e38f03f588","attempt":1,"err":{"code":"ETIMEDOUT"},"msg":"payment gateway timeout"}
{"level":30,"time":1790832224010,"service":"shop-api","reqId":"e1a0c8bc-4bff-4cee-ba44-e8e38f03f588","attempt":2,"gatewayTxId":"GW-538316","msg":"gateway call"}
{"level":40,"time":1790832225010,"service":"shop-api","reqId":"e1a0c8bc-4bff-4cee-ba44-e8e38f03f588","attempt":2,"err":{"code":"ETIMEDOUT"},"msg":"payment gateway timeout"}
{"level":30,"time":1790832225015,"service":"shop-api","reqId":"e1a0c8bc-4bff-4cee-ba44-e8e38f03f588","attempt":3,"gatewayTxId":"GW-538316","msg":"gateway call"}
{"level":40,"time":1790832226015,"service":"shop-api","reqId":"e1a0c8bc-4bff-4cee-ba44-e8e38f03f588","attempt":3,"err":{"code":"ETIMEDOUT"},"msg":"payment gateway timeout"}
{"level":50,"time":1790832226020,"service":"shop-api","reqId":"e1a0c8bc-4bff-4cee-ba44-e8e38f03f588","orderId":815,"gatewayTxId":"GW-538316","err":{"code":"ETIMEDOUT","message":"gateway did not respond within 1000ms"},"msg":"payment failed"}
{"level":50,"time":1790832226024,"service":"shop-api","reqId":"e1a0c8bc-4bff-4cee-ba44-e8e38f03f588","req":{"method":"POST","url":"/api/orders/815/pay"},"res":{"statusCode":502},"responseTime":3025,"msg":"request completed"}
{"level":30,"time":1790832249871,"service":"shop-api","reqId":"f4c39513-68b9-47cb-81b8-8e9c4c28d839","req":{"method":"GET","url":"/api/products"},"res":{"statusCode":200},"responseTime":9,"msg":"request completed"}
{"level":30,"time":1790832267537,"service":"shop-api","reqId":"914d18e2-bb9b-4eb1-858f-9e70d62bd104","orderId":818,"amount":76000,"msg":"payment requested"}
{"level":30,"time":1790832267541,"service":"shop-api","reqId":"914d18e2-bb9b-4eb1-858f-9e70d62bd104","attempt":1,"gatewayTxId":"GW-1F32F0","msg":"gateway call"}
{"level":40,"time":1790832268541,"service":"shop-api","reqId":"914d18e2-bb9b-4eb1-858f-9e70d62bd104","attempt":1,"err":{"code":"ETIMEDOUT"},"msg":"payment gateway timeout"}
{"level":30,"time":1790832268546,"service":"shop-api","reqId":"914d18e2-bb9b-4eb1-858f-9e70d62bd104","attempt":2,"gatewayTxId":"GW-1F32F0","msg":"gateway call"}
{"level":40,"time":1790832269546,"service":"shop-api","reqId":"914d18e2-bb9b-4eb1-858f-9e70d62bd104","attempt":2,"err":{"code":"ETIMEDOUT"},"msg":"payment gateway timeout"}
{"level":30,"time":1790832269551,"service":"shop-api","reqId":"914d18e2-bb9b-4eb1-858f-9e70d62bd104","attempt":3,"gatewayTxId":"GW-1F32F0","msg":"gateway call"}
{"level":40,"time":1790832270551,"service":"shop-api","reqId":"914d18e2-bb9b-4eb1-858f-9e70d62bd104","attempt":3,"err":{"code":"ETIMEDOUT"},"msg":"payment gateway timeout"}
{"level":50,"time":1790832270556,"service":"shop-api","reqId":"914d18e2-bb9b-4eb1-858f-9e70d62bd104","orderId":818,"gatewayTxId":"GW-1F32F0","err":{"code":"ETIMEDOUT","message":"gateway did not respond within 1000ms"},"msg":"payment failed"}
{"level":50,"time":1790832270560,"service":"shop-api","reqId":"914d18e2-bb9b-4eb1-858f-9e70d62bd104","req":{"method":"POST","url":"/api/orders/818/pay"},"res":{"statusCode":502},"responseTime":3025,"msg":"request completed"}
{"level":30,"time":1790832270941,"service":"shop-api","reqId":"ca29df3d-99c7-4d05-ab52-a0fd3cb9d0cf","req":{"method":"PUT","url":"/api/cart/items/3"},"res":{"statusCode":400},"responseTime":10,"msg":"request completed"}
{"level":30,"time":1790832289631,"service":"shop-api","reqId":"8b5108ae-bdda-4351-8560-eb945b388e00","req":{"method":"GET","url":"/api/products"},"res":{"statusCode":200},"responseTime":10,"msg":"request completed"}
{"level":30,"time":1790832290474,"service":"shop-api","reqId":"a5297e84-bcc5-46cb-b5bb-28d0bb2709b0","req":{"method":"POST","url":"/api/auth/login"},"res":{"statusCode":200},"responseTime":63,"msg":"request completed"}
{"level":30,"time":1790832293435,"service":"shop-api","reqId":"b17c429e-f85c-48f6-affc-e95eb9db3e44","req":{"method":"GET","url":"/api/products"},"res":{"statusCode":200},"responseTime":19,"msg":"request completed"}
{"level":30,"time":1790832307274,"service":"shop-api","reqId":"1171edc8-e37e-4aee-844d-5ae882136236","req":{"method":"GET","url":"/api/products"},"res":{"statusCode":200},"responseTime":33,"msg":"request completed"}
{"level":30,"time":1790832316114,"service":"shop-api","reqId":"2da4fd83-1ffa-4a23-91d4-be852c5b50c4","orderId":829,"amount":44000,"msg":"payment requested"}
{"level":30,"time":1790832316118,"service":"shop-api","reqId":"2da4fd83-1ffa-4a23-91d4-be852c5b50c4","attempt":1,"gatewayTxId":"GW-A048A4","msg":"gateway call"}
{"level":30,"time":1790832316153,"service":"shop-api","reqId":"2da4fd83-1ffa-4a23-91d4-be852c5b50c4","orderId":829,"gatewayTxId":"GW-A048A4","msg":"payment approved"}
{"level":30,"time":1790832316156,"service":"shop-api","reqId":"2da4fd83-1ffa-4a23-91d4-be852c5b50c4","req":{"method":"POST","url":"/api/orders/829/pay"},"res":{"statusCode":200},"responseTime":44,"msg":"request completed"}
{"level":30,"time":1790832327208,"service":"shop-api","reqId":"3b5cf60f-71f9-4b0f-9071-291c6b9e343b","orderId":812,"amount":17000,"msg":"payment requested"}
{"level":30,"time":1790832327212,"service":"shop-api","reqId":"3b5cf60f-71f9-4b0f-9071-291c6b9e343b","attempt":1,"gatewayTxId":"GW-9D2AC8","msg":"gateway call"}
{"level":40,"time":1790832328212,"service":"shop-api","reqId":"3b5cf60f-71f9-4b0f-9071-291c6b9e343b","attempt":1,"err":{"code":"ETIMEDOUT"},"msg":"payment gateway timeout"}
{"level":30,"time":1790832328217,"service":"shop-api","reqId":"3b5cf60f-71f9-4b0f-9071-291c6b9e343b","attempt":2,"gatewayTxId":"GW-9D2AC8","msg":"gateway call"}
{"level":40,"time":1790832329217,"service":"shop-api","reqId":"3b5cf60f-71f9-4b0f-9071-291c6b9e343b","attempt":2,"err":{"code":"ETIMEDOUT"},"msg":"payment gateway timeout"}
{"level":50,"time":1790832329222,"service":"shop-api","reqId":"3b5cf60f-71f9-4b0f-9071-291c6b9e343b","orderId":812,"gatewayTxId":"GW-9D2AC8","err":{"code":"ETIMEDOUT","message":"gateway did not respond within 1000ms"},"msg":"payment failed"}
{"level":50,"time":1790832329226,"service":"shop-api","reqId":"3b5cf60f-71f9-4b0f-9071-291c6b9e343b","req":{"method":"POST","url":"/api/orders/812/pay"},"res":{"statusCode":502},"responseTime":2020,"msg":"request completed"}
{"level":30,"time":1790832345881,"service":"shop-api","reqId":"7179b48f-c89c-48e8-91da-2904c6793f22","req":{"method":"GET","url":"/api/products/13"},"res":{"statusCode":404},"responseTime":9,"msg":"request completed"}
{"level":30,"time":1790832346908,"service":"shop-api","reqId":"105a303b-d546-4a27-b402-45d31699845e","req":{"method":"POST","url":"/api/auth/login"},"res":{"statusCode":200},"responseTime":55,"msg":"request completed"}
{"level":30,"time":1790832357558,"service":"shop-api","reqId":"ae74876c-05b5-469a-9134-5bb8014779b5","orderId":844,"amount":91000,"msg":"payment requested"}
{"level":30,"time":1790832357562,"service":"shop-api","reqId":"ae74876c-05b5-469a-9134-5bb8014779b5","attempt":1,"gatewayTxId":"GW-1B5201","msg":"gateway call"}
{"level":40,"time":1790832358562,"service":"shop-api","reqId":"ae74876c-05b5-469a-9134-5bb8014779b5","attempt":1,"err":{"code":"ETIMEDOUT"},"msg":"payment gateway timeout"}
{"level":30,"time":1790832358567,"service":"shop-api","reqId":"ae74876c-05b5-469a-9134-5bb8014779b5","attempt":2,"gatewayTxId":"GW-1B5201","msg":"gateway call"}
{"level":40,"time":1790832359567,"service":"shop-api","reqId":"ae74876c-05b5-469a-9134-5bb8014779b5","attempt":2,"err":{"code":"ETIMEDOUT"},"msg":"payment gateway timeout"}
{"level":50,"time":1790832359572,"service":"shop-api","reqId":"ae74876c-05b5-469a-9134-5bb8014779b5","orderId":844,"gatewayTxId":"GW-1B5201","err":{"code":"ETIMEDOUT","message":"gateway did not respond within 1000ms"},"msg":"payment failed"}
{"level":50,"time":1790832359576,"service":"shop-api","reqId":"ae74876c-05b5-469a-9134-5bb8014779b5","req":{"method":"POST","url":"/api/orders/844/pay"},"res":{"statusCode":502},"responseTime":2020,"msg":"request completed"}
{"level":30,"time":1790832373877,"service":"shop-api","reqId":"ec573640-f058-457c-822e-c3b7560d3033","req":{"method":"POST","url":"/api/quote"},"res":{"statusCode":200},"responseTime":39,"msg":"request completed"}
{"level":30,"time":1790832378223,"service":"shop-api","reqId":"bdde5400-ac54-49cf-b09c-c13dadfc9e51","req":{"method":"GET","url":"/api/products/5"},"res":{"statusCode":200},"responseTime":7,"msg":"request completed"}
{"level":30,"time":1790832391751,"service":"shop-api","reqId":"64d9a562-7806-411a-b3d2-963935443ef3","orderId":813,"amount":29000,"msg":"payment requested"}
{"level":30,"time":1790832391755,"service":"shop-api","reqId":"64d9a562-7806-411a-b3d2-963935443ef3","attempt":1,"gatewayTxId":"GW-A97B89","msg":"gateway call"}
{"level":40,"time":1790832392755,"service":"shop-api","reqId":"64d9a562-7806-411a-b3d2-963935443ef3","attempt":1,"err":{"code":"ETIMEDOUT"},"msg":"payment gateway timeout"}
{"level":30,"time":1790832392760,"service":"shop-api","reqId":"64d9a562-7806-411a-b3d2-963935443ef3","attempt":2,"gatewayTxId":"GW-A97B89","msg":"gateway call"}
{"level":40,"time":1790832393760,"service":"shop-api","reqId":"64d9a562-7806-411a-b3d2-963935443ef3","attempt":2,"err":{"code":"ETIMEDOUT"},"msg":"payment gateway timeout"}
{"level":30,"time":1790832393765,"service":"shop-api","reqId":"64d9a562-7806-411a-b3d2-963935443ef3","attempt":3,"gatewayTxId":"GW-A97B89","msg":"gateway call"}
{"level":40,"time":1790832394765,"service":"shop-api","reqId":"64d9a562-7806-411a-b3d2-963935443ef3","attempt":3,"err":{"code":"ETIMEDOUT"},"msg":"payment gateway timeout"}
{"level":50,"time":1790832394770,"service":"shop-api","reqId":"64d9a562-7806-411a-b3d2-963935443ef3","orderId":813,"gatewayTxId":"GW-A97B89","err":{"code":"ETIMEDOUT","message":"gateway did not respond within 1000ms"},"msg":"payment failed"}
{"level":50,"time":1790832394774,"service":"shop-api","reqId":"64d9a562-7806-411a-b3d2-963935443ef3","req":{"method":"POST","url":"/api/orders/813/pay"},"res":{"statusCode":502},"responseTime":3025,"msg":"request completed"}
{"level":30,"time":1790832413645,"service":"shop-api","reqId":"f9d4d242-c141-4ab7-9554-5dfde9b232f9","req":{"method":"GET","url":"/api/products"},"res":{"statusCode":200},"responseTime":16,"msg":"request completed"}
{"level":30,"time":1790832425234,"service":"shop-api","reqId":"37c3981f-6818-4775-a5ef-835d84996805","orderId":833,"amount":112000,"msg":"payment requested"}
{"level":30,"time":1790832425238,"service":"shop-api","reqId":"37c3981f-6818-4775-a5ef-835d84996805","attempt":1,"gatewayTxId":"GW-97E404","msg":"gateway call"}
{"level":30,"time":1790832426197,"service":"shop-api","reqId":"f4ab5bcc-8b73-48de-8f57-0e0899b3fa72","orderId":832,"amount":62000,"msg":"payment requested"}
{"level":30,"time":1790832426201,"service":"shop-api","reqId":"f4ab5bcc-8b73-48de-8f57-0e0899b3fa72","attempt":1,"gatewayTxId":"GW-2350D0","msg":"gateway call"}
{"level":40,"time":1790832426238,"service":"shop-api","reqId":"37c3981f-6818-4775-a5ef-835d84996805","attempt":1,"err":{"code":"ETIMEDOUT"},"msg":"payment gateway timeout"}
{"level":30,"time":1790832426243,"service":"shop-api","reqId":"37c3981f-6818-4775-a5ef-835d84996805","attempt":2,"gatewayTxId":"GW-97E404","msg":"gateway call"}
{"level":40,"time":1790832427201,"service":"shop-api","reqId":"f4ab5bcc-8b73-48de-8f57-0e0899b3fa72","attempt":1,"err":{"code":"ETIMEDOUT"},"msg":"payment gateway timeout"}
{"level":30,"time":1790832427206,"service":"shop-api","reqId":"f4ab5bcc-8b73-48de-8f57-0e0899b3fa72","attempt":2,"gatewayTxId":"GW-2350D0","msg":"gateway call"}
{"level":40,"time":1790832427243,"service":"shop-api","reqId":"37c3981f-6818-4775-a5ef-835d84996805","attempt":2,"err":{"code":"ETIMEDOUT"},"msg":"payment gateway timeout"}
{"level":50,"time":1790832427248,"service":"shop-api","reqId":"37c3981f-6818-4775-a5ef-835d84996805","orderId":833,"gatewayTxId":"GW-97E404","err":{"code":"ETIMEDOUT","message":"gateway did not respond within 1000ms"},"msg":"payment failed"}
{"level":50,"time":1790832427252,"service":"shop-api","reqId":"37c3981f-6818-4775-a5ef-835d84996805","req":{"method":"POST","url":"/api/orders/833/pay"},"res":{"statusCode":502},"responseTime":2020,"msg":"request completed"}
{"level":40,"time":1790832428206,"service":"shop-api","reqId":"f4ab5bcc-8b73-48de-8f57-0e0899b3fa72","attempt":2,"err":{"code":"ETIMEDOUT"},"msg":"payment gateway timeout"}
{"level":30,"time":1790832428211,"service":"shop-api","reqId":"f4ab5bcc-8b73-48de-8f57-0e0899b3fa72","attempt":3,"gatewayTxId":"GW-2350D0","msg":"gateway call"}
{"level":30,"time":1790832428489,"service":"shop-api","reqId":"7f1c3443-10c6-46da-92a5-abf76aac8e3d","req":{"method":"GET","url":"/api/products"},"res":{"statusCode":200},"responseTime":21,"msg":"request completed"}
{"level":40,"time":1790832429211,"service":"shop-api","reqId":"f4ab5bcc-8b73-48de-8f57-0e0899b3fa72","attempt":3,"err":{"code":"ETIMEDOUT"},"msg":"payment gateway timeout"}
{"level":50,"time":1790832429216,"service":"shop-api","reqId":"f4ab5bcc-8b73-48de-8f57-0e0899b3fa72","orderId":832,"gatewayTxId":"GW-2350D0","err":{"code":"ETIMEDOUT","message":"gateway did not respond within 1000ms"},"msg":"payment failed"}
{"level":50,"time":1790832429220,"service":"shop-api","reqId":"f4ab5bcc-8b73-48de-8f57-0e0899b3fa72","req":{"method":"POST","url":"/api/orders/832/pay"},"res":{"statusCode":502},"responseTime":3025,"msg":"request completed"}
{"level":30,"time":1790832433003,"service":"shop-api","reqId":"cef916e8-e237-4b2e-a162-2e3426305b56","req":{"method":"GET","url":"/api/products"},"res":{"statusCode":200},"responseTime":32,"msg":"request completed"}
{"level":30,"time":1790832476931,"service":"shop-api","reqId":"8d73d2e6-2f90-4f3d-9caf-0989497542fe","orderId":830,"amount":38000,"msg":"payment requested"}
{"level":30,"time":1790832476935,"service":"shop-api","reqId":"8d73d2e6-2f90-4f3d-9caf-0989497542fe","attempt":1,"gatewayTxId":"GW-2A8942","msg":"gateway call"}
{"level":30,"time":1790832477199,"service":"shop-api","reqId":"af47fcb7-4bb3-4796-9a29-5a63ca39be95","req":{"method":"GET","url":"/api/orders/895"},"res":{"statusCode":200},"responseTime":29,"msg":"request completed"}
{"level":40,"time":1790832477935,"service":"shop-api","reqId":"8d73d2e6-2f90-4f3d-9caf-0989497542fe","attempt":1,"err":{"code":"ETIMEDOUT"},"msg":"payment gateway timeout"}
{"level":30,"time":1790832477940,"service":"shop-api","reqId":"8d73d2e6-2f90-4f3d-9caf-0989497542fe","attempt":2,"gatewayTxId":"GW-2A8942","msg":"gateway call"}
{"level":30,"time":1790832478699,"service":"shop-api","reqId":"d04b8304-5f0e-403e-96f1-e873ab1497a8","req":{"method":"PUT","url":"/api/cart/items/1"},"res":{"statusCode":200},"responseTime":35,"msg":"request completed"}
{"level":40,"time":1790832478940,"service":"shop-api","reqId":"8d73d2e6-2f90-4f3d-9caf-0989497542fe","attempt":2,"err":{"code":"ETIMEDOUT"},"msg":"payment gateway timeout"}
{"level":50,"time":1790832478945,"service":"shop-api","reqId":"8d73d2e6-2f90-4f3d-9caf-0989497542fe","orderId":830,"gatewayTxId":"GW-2A8942","err":{"code":"ETIMEDOUT","message":"gateway did not respond within 1000ms"},"msg":"payment failed"}
{"level":50,"time":1790832478949,"service":"shop-api","reqId":"8d73d2e6-2f90-4f3d-9caf-0989497542fe","req":{"method":"POST","url":"/api/orders/830/pay"},"res":{"statusCode":502},"responseTime":2020,"msg":"request completed"}
{"level":30,"time":1790832479293,"service":"shop-api","reqId":"280858c9-7641-48a5-bb01-da55c6cb790c","req":{"method":"GET","url":"/api/products/8"},"res":{"statusCode":200},"responseTime":13,"msg":"request completed"}
{"level":30,"time":1790832519563,"service":"shop-api","reqId":"f7a9fa27-28fc-4329-8b08-8fbfa64d52cf","req":{"method":"GET","url":"/api/products"},"res":{"statusCode":200},"responseTime":29,"msg":"request completed"}
{"level":30,"time":1790832521563,"service":"shop-api","reqId":"194c92af-237c-401a-b48f-31ad925799cd","req":{"method":"PUT","url":"/api/cart/items/3"},"res":{"statusCode":200},"responseTime":13,"msg":"request completed"}
{"level":30,"time":1790832529375,"service":"shop-api","reqId":"cc1e7f02-40d6-476b-82e4-a2e4eee2c0cc","orderId":834,"amount":79000,"msg":"payment requested"}
{"level":30,"time":1790832529379,"service":"shop-api","reqId":"cc1e7f02-40d6-476b-82e4-a2e4eee2c0cc","attempt":1,"gatewayTxId":"GW-2E7C03","msg":"gateway call"}
{"level":30,"time":1790832529414,"service":"shop-api","reqId":"cc1e7f02-40d6-476b-82e4-a2e4eee2c0cc","orderId":834,"gatewayTxId":"GW-2E7C03","msg":"payment approved"}
{"level":30,"time":1790832529417,"service":"shop-api","reqId":"cc1e7f02-40d6-476b-82e4-a2e4eee2c0cc","req":{"method":"POST","url":"/api/orders/834/pay"},"res":{"statusCode":200},"responseTime":44,"msg":"request completed"}
{"level":30,"time":1790832531608,"service":"shop-api","reqId":"3c9910f9-feef-4809-ab62-6a260b0574a3","req":{"method":"GET","url":"/api/products"},"res":{"statusCode":200},"responseTime":8,"msg":"request completed"}
{"level":30,"time":1790832535650,"service":"shop-api","reqId":"a0962e78-5860-4ca4-a71a-6a97b919b6b3","req":{"method":"GET","url":"/api/products/9"},"res":{"statusCode":200},"responseTime":17,"msg":"request completed"}
{"level":30,"time":1790832543593,"service":"shop-api","reqId":"220ac222-21ba-47dd-a9db-228cc5354173","req":{"method":"GET","url":"/api/products/1"},"res":{"statusCode":200},"responseTime":6,"msg":"request completed"}
{"level":30,"time":1790832544431,"service":"shop-api","reqId":"03f88954-2cdf-4e9f-8166-c1d320bc8aa4","req":{"method":"POST","url":"/api/auth/login"},"res":{"statusCode":200},"responseTime":115,"msg":"request completed"}
{"level":30,"time":1790832547123,"service":"shop-api","reqId":"1f3caec2-72c2-48cf-9f0e-4d4116f1c56f","req":{"method":"POST","url":"/api/quote"},"res":{"statusCode":200},"responseTime":32,"msg":"request completed"}
{"level":30,"time":1790832556981,"service":"shop-api","reqId":"71f1761f-7785-4972-a374-69c6f05488d3","orderId":839,"amount":105000,"msg":"payment requested"}
{"level":30,"time":1790832556985,"service":"shop-api","reqId":"71f1761f-7785-4972-a374-69c6f05488d3","attempt":1,"gatewayTxId":"GW-66B736","msg":"gateway call"}
{"level":40,"time":1790832557985,"service":"shop-api","reqId":"71f1761f-7785-4972-a374-69c6f05488d3","attempt":1,"err":{"code":"ETIMEDOUT"},"msg":"payment gateway timeout"}
{"level":30,"time":1790832557990,"service":"shop-api","reqId":"71f1761f-7785-4972-a374-69c6f05488d3","attempt":2,"gatewayTxId":"GW-66B736","msg":"gateway call"}
{"level":40,"time":1790832558990,"service":"shop-api","reqId":"71f1761f-7785-4972-a374-69c6f05488d3","attempt":2,"err":{"code":"ETIMEDOUT"},"msg":"payment gateway timeout"}
{"level":30,"time":1790832558995,"service":"shop-api","reqId":"71f1761f-7785-4972-a374-69c6f05488d3","attempt":3,"gatewayTxId":"GW-66B736","msg":"gateway call"}
{"level":40,"time":1790832559995,"service":"shop-api","reqId":"71f1761f-7785-4972-a374-69c6f05488d3","attempt":3,"err":{"code":"ETIMEDOUT"},"msg":"payment gateway timeout"}
{"level":50,"time":1790832560000,"service":"shop-api","reqId":"71f1761f-7785-4972-a374-69c6f05488d3","orderId":839,"gatewayTxId":"GW-66B736","err":{"code":"ETIMEDOUT","message":"gateway did not respond within 1000ms"},"msg":"payment failed"}
{"level":50,"time":1790832560004,"service":"shop-api","reqId":"71f1761f-7785-4972-a374-69c6f05488d3","req":{"method":"POST","url":"/api/orders/839/pay"},"res":{"statusCode":502},"responseTime":3025,"msg":"request completed"}
{"level":30,"time":1790832599979,"service":"shop-api","reqId":"8a67e196-8443-46f0-861f-8281d6e9ec22","orderId":843,"amount":56000,"msg":"payment requested"}
{"level":30,"time":1790832599983,"service":"shop-api","reqId":"8a67e196-8443-46f0-861f-8281d6e9ec22","attempt":1,"gatewayTxId":"GW-687022","msg":"gateway call"}
{"level":40,"time":1790832600983,"service":"shop-api","reqId":"8a67e196-8443-46f0-861f-8281d6e9ec22","attempt":1,"err":{"code":"ETIMEDOUT"},"msg":"payment gateway timeout"}
{"level":30,"time":1790832600988,"service":"shop-api","reqId":"8a67e196-8443-46f0-861f-8281d6e9ec22","attempt":2,"gatewayTxId":"GW-687022","msg":"gateway call"}
{"level":40,"time":1790832601988,"service":"shop-api","reqId":"8a67e196-8443-46f0-861f-8281d6e9ec22","attempt":2,"err":{"code":"ETIMEDOUT"},"msg":"payment gateway timeout"}
{"level":50,"time":1790832601993,"service":"shop-api","reqId":"8a67e196-8443-46f0-861f-8281d6e9ec22","orderId":843,"gatewayTxId":"GW-687022","err":{"code":"ETIMEDOUT","message":"gateway did not respond within 1000ms"},"msg":"payment failed"}
{"level":50,"time":1790832601997,"service":"shop-api","reqId":"8a67e196-8443-46f0-861f-8281d6e9ec22","req":{"method":"POST","url":"/api/orders/843/pay"},"res":{"statusCode":502},"responseTime":2020,"msg":"request completed"}
{"level":30,"time":1790832605451,"service":"shop-api","reqId":"e03539ba-4258-4103-bb27-e2d7a6c6bd0a","req":{"method":"GET","url":"/api/products"},"res":{"statusCode":200},"responseTime":25,"msg":"request completed"}
{"level":30,"time":1790832634319,"service":"shop-api","reqId":"ea6d11d3-c2a6-4527-9a62-f0c8892a6106","req":{"method":"GET","url":"/api/products"},"res":{"statusCode":200},"responseTime":17,"msg":"request completed"}
{"level":30,"time":1790832638874,"service":"shop-api","reqId":"6198e261-f050-4e94-a3e3-35776118325c","req":{"method":"GET","url":"/api/products"},"res":{"statusCode":200},"responseTime":29,"msg":"request completed"}
{"level":30,"time":1790832642768,"service":"shop-api","reqId":"8ef4018f-c7f5-482a-8998-a6bd1c972752","req":{"method":"GET","url":"/api/orders/784"},"res":{"statusCode":200},"responseTime":14,"msg":"request completed"}
{"level":30,"time":1790832652953,"service":"shop-api","reqId":"ed76af60-5801-47a4-9e63-187ad6ea9056","req":{"method":"GET","url":"/api/products"},"res":{"statusCode":200},"responseTime":33,"msg":"request completed"}
{"level":30,"time":1790832659399,"service":"shop-api","reqId":"9be8fdac-ccb0-42f0-b834-521b9dacbe5a","orderId":820,"amount":36000,"msg":"payment requested"}
{"level":30,"time":1790832659403,"service":"shop-api","reqId":"9be8fdac-ccb0-42f0-b834-521b9dacbe5a","attempt":1,"gatewayTxId":"GW-B466A6","msg":"gateway call"}
{"level":30,"time":1790832659841,"service":"shop-api","reqId":"899d460e-e25e-4586-b6f8-469e6f9f7e35","req":{"method":"GET","url":"/api/products"},"res":{"statusCode":200},"responseTime":6,"msg":"request completed"}
{"level":40,"time":1790832660403,"service":"shop-api","reqId":"9be8fdac-ccb0-42f0-b834-521b9dacbe5a","attempt":1,"err":{"code":"ETIMEDOUT"},"msg":"payment gateway timeout"}
{"level":30,"time":1790832660408,"service":"shop-api","reqId":"9be8fdac-ccb0-42f0-b834-521b9dacbe5a","attempt":2,"gatewayTxId":"GW-B466A6","msg":"gateway call"}
{"level":40,"time":1790832661408,"service":"shop-api","reqId":"9be8fdac-ccb0-42f0-b834-521b9dacbe5a","attempt":2,"err":{"code":"ETIMEDOUT"},"msg":"payment gateway timeout"}
{"level":50,"time":1790832661413,"service":"shop-api","reqId":"9be8fdac-ccb0-42f0-b834-521b9dacbe5a","orderId":820,"gatewayTxId":"GW-B466A6","err":{"code":"ETIMEDOUT","message":"gateway did not respond within 1000ms"},"msg":"payment failed"}
{"level":50,"time":1790832661417,"service":"shop-api","reqId":"9be8fdac-ccb0-42f0-b834-521b9dacbe5a","req":{"method":"POST","url":"/api/orders/820/pay"},"res":{"statusCode":502},"responseTime":2020,"msg":"request completed"}
{"level":30,"time":1790832666584,"service":"shop-api","reqId":"c18d520d-0a1e-4a8b-a940-bfb0ad555467","req":{"method":"GET","url":"/api/products"},"res":{"statusCode":200},"responseTime":29,"msg":"request completed"}
{"level":30,"time":1790832674786,"service":"shop-api","reqId":"24c583e2-b3e1-4c1f-8ee3-06ca23dec5a2","req":{"method":"POST","url":"/api/orders"},"res":{"statusCode":400},"responseTime":36,"msg":"request completed"}
{"level":30,"time":1790832681911,"service":"shop-api","reqId":"95d68c87-1c93-4a79-a530-2b0b24359841","orderId":819,"amount":58000,"msg":"payment requested"}
{"level":30,"time":1790832681915,"service":"shop-api","reqId":"95d68c87-1c93-4a79-a530-2b0b24359841","attempt":1,"gatewayTxId":"GW-45FFDF","msg":"gateway call"}
{"level":40,"time":1790832682915,"service":"shop-api","reqId":"95d68c87-1c93-4a79-a530-2b0b24359841","attempt":1,"err":{"code":"ETIMEDOUT"},"msg":"payment gateway timeout"}
{"level":30,"time":1790832682920,"service":"shop-api","reqId":"95d68c87-1c93-4a79-a530-2b0b24359841","attempt":2,"gatewayTxId":"GW-45FFDF","msg":"gateway call"}
{"level":40,"time":1790832683920,"service":"shop-api","reqId":"95d68c87-1c93-4a79-a530-2b0b24359841","attempt":2,"err":{"code":"ETIMEDOUT"},"msg":"payment gateway timeout"}
{"level":50,"time":1790832683925,"service":"shop-api","reqId":"95d68c87-1c93-4a79-a530-2b0b24359841","orderId":819,"gatewayTxId":"GW-45FFDF","err":{"code":"ETIMEDOUT","message":"gateway did not respond within 1000ms"},"msg":"payment failed"}
{"level":50,"time":1790832683929,"service":"shop-api","reqId":"95d68c87-1c93-4a79-a530-2b0b24359841","req":{"method":"POST","url":"/api/orders/819/pay"},"res":{"statusCode":502},"responseTime":2020,"msg":"request completed"}
{"level":30,"time":1790832741652,"service":"shop-api","reqId":"74394f36-4b02-4d41-83c9-aa7a1339a9da","req":{"method":"POST","url":"/api/auth/login"},"res":{"statusCode":200},"responseTime":89,"msg":"request completed"}
{"level":30,"time":1790832744164,"service":"shop-api","reqId":"d971b07f-c9f7-4216-8de7-52a54b518026","req":{"method":"GET","url":"/api/products"},"res":{"statusCode":200},"responseTime":25,"msg":"request completed"}
{"level":30,"time":1790832752891,"service":"shop-api","reqId":"240c03c9-d4b4-4339-9b21-160edc3ced28","req":{"method":"POST","url":"/api/orders"},"res":{"statusCode":201},"responseTime":80,"msg":"request completed"}
{"level":30,"time":1790832758890,"service":"shop-api","reqId":"f257da49-17d4-4b76-ad34-4a40585d3c75","req":{"method":"PUT","url":"/api/cart/items/5"},"res":{"statusCode":200},"responseTime":17,"msg":"request completed"}
{"level":30,"time":1790832768377,"service":"shop-api","reqId":"5261c8e6-628c-46cd-a0f5-6498a1104855","req":{"method":"PUT","url":"/api/cart/items/12"},"res":{"statusCode":200},"responseTime":40,"msg":"request completed"}
{"level":30,"time":1790832811643,"service":"shop-api","reqId":"ec00c814-7bd5-442e-b227-f569c9965daf","req":{"method":"GET","url":"/api/products/6"},"res":{"statusCode":200},"responseTime":17,"msg":"request completed"}
{"level":30,"time":1790832817498,"service":"shop-api","reqId":"02352da0-2d33-455c-aafb-6942ba5ef0fc","req":{"method":"GET","url":"/api/products/7"},"res":{"statusCode":200},"responseTime":20,"msg":"request completed"}
{"level":30,"time":1790832859354,"service":"shop-api","reqId":"358c1d48-85f5-4241-b037-7c4d0eeb2841","req":{"method":"GET","url":"/api/products/8"},"res":{"statusCode":200},"responseTime":11,"msg":"request completed"}
{"level":30,"time":1790832861474,"service":"shop-api","reqId":"521d2978-04f3-4d2a-bcff-9872f6fd5148","req":{"method":"GET","url":"/api/products"},"res":{"statusCode":200},"responseTime":11,"msg":"request completed"}
{"level":30,"time":1790832868021,"service":"shop-api","reqId":"2fcc709f-b1c8-49c6-ac22-56675032487f","req":{"method":"GET","url":"/api/products"},"res":{"statusCode":200},"responseTime":13,"msg":"request completed"}
{"level":30,"time":1790832871923,"service":"shop-api","reqId":"88b0464c-6a85-4e60-b8a8-70cbf46389ad","req":{"method":"PUT","url":"/api/cart/items/7"},"res":{"statusCode":200},"responseTime":11,"msg":"request completed"}
{"level":30,"time":1790832880718,"service":"shop-api","reqId":"90906e4b-c0bb-4258-bd10-aa63ab9e023a","req":{"method":"GET","url":"/api/products"},"res":{"statusCode":200},"responseTime":28,"msg":"request completed"}
{"level":30,"time":1790832895670,"service":"shop-api","reqId":"1673c8fb-0a07-46dc-ba6a-36f7cfe92be3","req":{"method":"GET","url":"/api/products"},"res":{"statusCode":200},"responseTime":16,"msg":"request completed"}
{"level":30,"time":1790832903476,"service":"shop-api","reqId":"8c227135-caae-4119-bbdc-e5d352e7c54a","req":{"method":"PUT","url":"/api/cart/items/9"},"res":{"statusCode":409},"responseTime":13,"msg":"request completed"}
{"level":30,"time":1790832905784,"service":"shop-api","reqId":"a9dfdc80-76a5-4cba-ab34-17df05081f44","req":{"method":"GET","url":"/api/products"},"res":{"statusCode":200},"responseTime":7,"msg":"request completed"}
{"level":30,"time":1790832925020,"service":"shop-api","reqId":"dd077508-eebf-46b3-a76d-a9351488179c","req":{"method":"GET","url":"/api/products/3"},"res":{"statusCode":200},"responseTime":20,"msg":"request completed"}
{"level":30,"time":1790832941214,"service":"shop-api","reqId":"7658a772-c217-422a-859e-009376b3566c","req":{"method":"POST","url":"/api/orders"},"res":{"statusCode":201},"responseTime":53,"msg":"request completed"}
{"level":30,"time":1790832951403,"service":"shop-api","reqId":"8751c9ce-bc9d-48be-aff3-f559ab5a9d21","orderId":835,"amount":79000,"msg":"payment requested"}
{"level":30,"time":1790832951407,"service":"shop-api","reqId":"8751c9ce-bc9d-48be-aff3-f559ab5a9d21","attempt":1,"gatewayTxId":"GW-ABF55A","msg":"gateway call"}
{"level":30,"time":1790832951442,"service":"shop-api","reqId":"8751c9ce-bc9d-48be-aff3-f559ab5a9d21","orderId":835,"gatewayTxId":"GW-ABF55A","msg":"payment approved"}
{"level":30,"time":1790832951445,"service":"shop-api","reqId":"8751c9ce-bc9d-48be-aff3-f559ab5a9d21","req":{"method":"POST","url":"/api/orders/835/pay"},"res":{"statusCode":200},"responseTime":44,"msg":"request completed"}
{"level":30,"time":1790832955230,"service":"shop-api","reqId":"6f15d154-b756-42e0-8b84-c86d2d406a53","req":{"method":"POST","url":"/api/quote"},"res":{"statusCode":200},"responseTime":32,"msg":"request completed"}
{"level":30,"time":1790832957991,"service":"shop-api","reqId":"3a28919c-b152-4996-a234-9274ba97e4ac","req":{"method":"GET","url":"/api/products"},"res":{"statusCode":200},"responseTime":26,"msg":"request completed"}
{"level":30,"time":1790832990648,"service":"shop-api","reqId":"8094fe6e-dea8-43db-8b4c-87b4f578aac4","req":{"method":"GET","url":"/api/products"},"res":{"statusCode":200},"responseTime":13,"msg":"request completed"}
{"level":30,"time":1790832997336,"service":"shop-api","reqId":"72f25ac5-8501-45e9-b001-4f8c17237236","req":{"method":"PUT","url":"/api/cart/items/12"},"res":{"statusCode":409},"responseTime":34,"msg":"request completed"}
{"level":30,"time":1790833001084,"service":"shop-api","reqId":"f8ea24cc-3a3b-4589-8b11-2819bcaa2384","req":{"method":"POST","url":"/api/auth/login"},"res":{"statusCode":200},"responseTime":93,"msg":"request completed"}
{"level":30,"time":1790833004612,"service":"shop-api","reqId":"5bd01e52-125a-4088-a5dc-a4454c5b1766","req":{"method":"POST","url":"/api/quote"},"res":{"statusCode":200},"responseTime":18,"msg":"request completed"}
{"level":30,"time":1790833012500,"service":"shop-api","reqId":"6dc3795c-d1a8-4acd-bc23-a1b2e34558f2","req":{"method":"POST","url":"/api/auth/login"},"res":{"statusCode":401},"responseTime":86,"msg":"request completed"}
{"level":30,"time":1790833095385,"service":"shop-api","reqId":"aa1f14c2-6442-4e0f-a140-ad3cb0797f1d","req":{"method":"GET","url":"/api/products"},"res":{"statusCode":200},"responseTime":25,"msg":"request completed"}
{"level":30,"time":1790833100314,"service":"shop-api","reqId":"c8162c1a-af24-4dd2-befe-49ba445449cb","req":{"method":"GET","url":"/api/products/12"},"res":{"statusCode":200},"responseTime":6,"msg":"request completed"}
{"level":30,"time":1790833112718,"service":"shop-api","reqId":"6899c217-a948-44a8-af05-adb88cc48c81","req":{"method":"GET","url":"/api/products"},"res":{"statusCode":200},"responseTime":11,"msg":"request completed"}
{"level":30,"time":1790833164218,"service":"shop-api","reqId":"32938480-e743-41a4-92b4-c9bf9b3269af","req":{"method":"GET","url":"/api/products"},"res":{"statusCode":200},"responseTime":32,"msg":"request completed"}
{"level":30,"time":1790833227376,"service":"shop-api","reqId":"26547ec6-df6e-4070-a6b5-0b0f5944c9c7","req":{"method":"GET","url":"/api/products"},"res":{"statusCode":200},"responseTime":8,"msg":"request completed"}
{"level":30,"time":1790833233604,"service":"shop-api","reqId":"bc5b44bd-9650-4ac0-9f99-d57bd1853843","req":{"method":"GET","url":"/api/products"},"res":{"statusCode":200},"responseTime":14,"msg":"request completed"}
{"level":30,"time":1790833265920,"service":"shop-api","reqId":"184c98e2-8aea-4231-9eb4-2d8ec550677b","req":{"method":"POST","url":"/api/quote"},"res":{"statusCode":200},"responseTime":14,"msg":"request completed"}
{"level":30,"time":1790833267215,"service":"shop-api","reqId":"692e28fb-0f6f-404b-81a4-76ca5da70895","orderId":842,"amount":74000,"msg":"payment requested"}
{"level":30,"time":1790833267219,"service":"shop-api","reqId":"692e28fb-0f6f-404b-81a4-76ca5da70895","attempt":1,"gatewayTxId":"GW-3E5EEE","msg":"gateway call"}
{"level":30,"time":1790833267254,"service":"shop-api","reqId":"692e28fb-0f6f-404b-81a4-76ca5da70895","orderId":842,"gatewayTxId":"GW-3E5EEE","msg":"payment approved"}
{"level":30,"time":1790833267257,"service":"shop-api","reqId":"692e28fb-0f6f-404b-81a4-76ca5da70895","req":{"method":"POST","url":"/api/orders/842/pay"},"res":{"statusCode":200},"responseTime":44,"msg":"request completed"}
{"level":30,"time":1790833277005,"service":"shop-api","reqId":"4a1e890f-db6d-411c-8378-a0a1a2719ab0","req":{"method":"POST","url":"/api/quote"},"res":{"statusCode":200},"responseTime":13,"msg":"request completed"}
{"level":30,"time":1790833314666,"service":"shop-api","reqId":"f7699bf3-d968-4796-b878-b259b136d3aa","req":{"method":"GET","url":"/api/products/2"},"res":{"statusCode":200},"responseTime":17,"msg":"request completed"}
{"level":30,"time":1790833323017,"service":"shop-api","reqId":"80d50d2e-5c39-4ac0-8c81-41751c9a0dde","req":{"method":"GET","url":"/api/orders/847"},"res":{"statusCode":200},"responseTime":13,"msg":"request completed"}
{"level":30,"time":1790833333563,"service":"shop-api","reqId":"e3166681-bb14-4aa3-b7c1-2cc7ef5b0367","req":{"method":"GET","url":"/api/products"},"res":{"statusCode":200},"responseTime":24,"msg":"request completed"}
{"level":30,"time":1790833344048,"service":"shop-api","reqId":"5767b7e0-98a3-49b1-9830-cf81e340afb9","orderId":836,"amount":45000,"msg":"payment requested"}
{"level":30,"time":1790833344052,"service":"shop-api","reqId":"5767b7e0-98a3-49b1-9830-cf81e340afb9","attempt":1,"gatewayTxId":"GW-6EED24","msg":"gateway call"}
{"level":30,"time":1790833344087,"service":"shop-api","reqId":"5767b7e0-98a3-49b1-9830-cf81e340afb9","orderId":836,"gatewayTxId":"GW-6EED24","msg":"payment approved"}
{"level":30,"time":1790833344090,"service":"shop-api","reqId":"5767b7e0-98a3-49b1-9830-cf81e340afb9","req":{"method":"POST","url":"/api/orders/836/pay"},"res":{"statusCode":200},"responseTime":44,"msg":"request completed"}
{"level":30,"time":1790833344523,"service":"shop-api","reqId":"a9863a89-56e2-46f8-8e49-3c4e97073734","orderId":837,"amount":91000,"msg":"payment requested"}
{"level":30,"time":1790833344527,"service":"shop-api","reqId":"a9863a89-56e2-46f8-8e49-3c4e97073734","attempt":1,"gatewayTxId":"GW-83B4F5","msg":"gateway call"}
{"level":30,"time":1790833344562,"service":"shop-api","reqId":"a9863a89-56e2-46f8-8e49-3c4e97073734","orderId":837,"gatewayTxId":"GW-83B4F5","msg":"payment approved"}
{"level":30,"time":1790833344565,"service":"shop-api","reqId":"a9863a89-56e2-46f8-8e49-3c4e97073734","req":{"method":"POST","url":"/api/orders/837/pay"},"res":{"statusCode":200},"responseTime":44,"msg":"request completed"}
{"level":30,"time":1790833368775,"service":"shop-api","reqId":"e81f6281-2c39-48cf-bd6b-906647123126","req":{"method":"GET","url":"/api/products"},"res":{"statusCode":200},"responseTime":18,"msg":"request completed"}
{"level":30,"time":1790833391512,"service":"shop-api","reqId":"6b367274-d30b-45d9-abf9-0f5784c38e1f","req":{"method":"GET","url":"/api/orders/837"},"res":{"statusCode":200},"responseTime":9,"msg":"request completed"}
{"level":30,"time":1790833395021,"service":"shop-api","reqId":"f754f5f5-87c7-425c-bc6a-edc06a8888cc","req":{"method":"PUT","url":"/api/cart/items/5"},"res":{"statusCode":409},"responseTime":36,"msg":"request completed"}
{"level":30,"time":1790833397001,"service":"shop-api","reqId":"626da3ba-d32e-4374-8558-c1de5b66f7bc","req":{"method":"GET","url":"/api/products"},"res":{"statusCode":200},"responseTime":32,"msg":"request completed"}
{"level":30,"time":1790833399381,"service":"shop-api","reqId":"cc5b2a4b-97e0-413c-bde1-65b7929b36bc","req":{"method":"POST","url":"/api/orders"},"res":{"statusCode":400},"responseTime":23,"msg":"request completed"}
{"level":30,"time":1790833414106,"service":"shop-api","reqId":"74322247-3ed3-4b52-b036-bc994cdb56b6","req":{"method":"GET","url":"/api/products"},"res":{"statusCode":200},"responseTime":16,"msg":"request completed"}
{"level":30,"time":1790833427376,"service":"shop-api","reqId":"d5eae378-49df-4a8d-8a68-a21f97e18ff3","orderId":838,"amount":106000,"msg":"payment requested"}
{"level":30,"time":1790833427380,"service":"shop-api","reqId":"d5eae378-49df-4a8d-8a68-a21f97e18ff3","attempt":1,"gatewayTxId":"GW-ED3309","msg":"gateway call"}
{"level":30,"time":1790833427415,"service":"shop-api","reqId":"d5eae378-49df-4a8d-8a68-a21f97e18ff3","orderId":838,"gatewayTxId":"GW-ED3309","msg":"payment approved"}
{"level":30,"time":1790833427418,"service":"shop-api","reqId":"d5eae378-49df-4a8d-8a68-a21f97e18ff3","req":{"method":"POST","url":"/api/orders/838/pay"},"res":{"statusCode":200},"responseTime":44,"msg":"request completed"}
{"level":30,"time":1790833431676,"service":"shop-api","reqId":"f70495eb-7e96-4893-ab4f-e5c0b1433f56","req":{"method":"GET","url":"/api/products"},"res":{"statusCode":200},"responseTime":24,"msg":"request completed"}
{"level":30,"time":1790833439858,"service":"shop-api","reqId":"cf2d079c-d48c-4444-9027-224feed6c044","orderId":839,"amount":72000,"msg":"payment requested"}
{"level":30,"time":1790833439862,"service":"shop-api","reqId":"cf2d079c-d48c-4444-9027-224feed6c044","attempt":1,"gatewayTxId":"GW-CE732B","msg":"gateway call"}
{"level":30,"time":1790833439897,"service":"shop-api","reqId":"cf2d079c-d48c-4444-9027-224feed6c044","orderId":839,"gatewayTxId":"GW-CE732B","msg":"payment approved"}
{"level":30,"time":1790833439900,"service":"shop-api","reqId":"cf2d079c-d48c-4444-9027-224feed6c044","req":{"method":"POST","url":"/api/orders/839/pay"},"res":{"statusCode":200},"responseTime":44,"msg":"request completed"}
{"level":30,"time":1790833444383,"service":"shop-api","reqId":"f2f75684-556f-4c51-834f-a1f6c75d2404","req":{"method":"GET","url":"/api/products/8"},"res":{"statusCode":200},"responseTime":12,"msg":"request completed"}
{"level":30,"time":1790833452597,"service":"shop-api","reqId":"c503fa83-94ce-4d26-95e0-9180ce82fcf1","req":{"method":"PUT","url":"/api/cart/items/7"},"res":{"statusCode":200},"responseTime":24,"msg":"request completed"}
{"level":30,"time":1790833459625,"service":"shop-api","reqId":"f9f82fc2-44df-49c2-8ef5-24bfe5695f7b","orderId":840,"amount":117000,"msg":"payment requested"}
{"level":30,"time":1790833459629,"service":"shop-api","reqId":"f9f82fc2-44df-49c2-8ef5-24bfe5695f7b","attempt":1,"gatewayTxId":"GW-14136D","msg":"gateway call"}
{"level":30,"time":1790833459664,"service":"shop-api","reqId":"f9f82fc2-44df-49c2-8ef5-24bfe5695f7b","orderId":840,"gatewayTxId":"GW-14136D","msg":"payment approved"}
{"level":30,"time":1790833459667,"service":"shop-api","reqId":"f9f82fc2-44df-49c2-8ef5-24bfe5695f7b","req":{"method":"POST","url":"/api/orders/840/pay"},"res":{"statusCode":200},"responseTime":44,"msg":"request completed"}
{"level":30,"time":1790833467570,"service":"shop-api","reqId":"0b950375-4aaa-49f7-962a-9710292d99ed","req":{"method":"GET","url":"/api/products"},"res":{"statusCode":200},"responseTime":27,"msg":"request completed"}
{"level":30,"time":1790833471347,"service":"shop-api","reqId":"d047907d-80ee-4bde-819c-78eeefc5074c","req":{"method":"GET","url":"/api/products"},"res":{"statusCode":200},"responseTime":19,"msg":"request completed"}
{"level":30,"time":1790833482510,"service":"shop-api","reqId":"53037f84-f36a-460b-ac4c-d686f581d167","req":{"method":"GET","url":"/api/products/2"},"res":{"statusCode":200},"responseTime":16,"msg":"request completed"}
{"level":30,"time":1790833505065,"service":"shop-api","reqId":"160bb95c-c4c5-4b0f-ab88-3c0bf15cde05","req":{"method":"GET","url":"/api/products/12"},"res":{"statusCode":200},"responseTime":20,"msg":"request completed"}
{"level":30,"time":1790833511348,"service":"shop-api","reqId":"681e5fad-0a89-4db2-beb8-e69bea221907","req":{"method":"GET","url":"/api/products"},"res":{"statusCode":200},"responseTime":19,"msg":"request completed"}
{"level":30,"time":1790833540866,"service":"shop-api","reqId":"d764de7c-f5c2-45d2-91dc-707f444746ee","req":{"method":"GET","url":"/api/products"},"res":{"statusCode":200},"responseTime":16,"msg":"request completed"}
{"level":30,"time":1790833543089,"service":"shop-api","reqId":"0a165132-14af-4426-882f-d67d74b3d98d","req":{"method":"POST","url":"/api/orders"},"res":{"statusCode":201},"responseTime":70,"msg":"request completed"}
{"level":30,"time":1790833558539,"service":"shop-api","reqId":"f21d094b-03af-4bce-8a03-3afbae6407ba","req":{"method":"POST","url":"/api/auth/login"},"res":{"statusCode":200},"responseTime":106,"msg":"request completed"}
{"level":30,"time":1790833559026,"service":"shop-api","reqId":"85a1c562-7058-4557-8a41-9bde0ca7f33a","orderId":841,"amount":80000,"msg":"payment requested"}
{"level":30,"time":1790833559030,"service":"shop-api","reqId":"85a1c562-7058-4557-8a41-9bde0ca7f33a","attempt":1,"gatewayTxId":"GW-FF060C","msg":"gateway call"}
{"level":30,"time":1790833559065,"service":"shop-api","reqId":"85a1c562-7058-4557-8a41-9bde0ca7f33a","orderId":841,"gatewayTxId":"GW-FF060C","msg":"payment approved"}
{"level":30,"time":1790833559068,"service":"shop-api","reqId":"85a1c562-7058-4557-8a41-9bde0ca7f33a","req":{"method":"POST","url":"/api/orders/841/pay"},"res":{"statusCode":200},"responseTime":44,"msg":"request completed"}
{"level":30,"time":1790833586853,"service":"shop-api","reqId":"402ae0dd-317a-48cf-86ec-d4221276590c","req":{"method":"GET","url":"/api/products"},"res":{"statusCode":200},"responseTime":30,"msg":"request completed"}
{"level":30,"time":1790833597611,"service":"shop-api","reqId":"6a5ced13-ead8-42fe-a8ce-a4ee734dc1ef","req":{"method":"POST","url":"/api/auth/login"},"res":{"statusCode":200},"responseTime":107,"msg":"request completed"}
{"level":30,"time":1790833603603,"service":"shop-api","reqId":"f2c3ce1f-6ef3-4c97-9472-98958f41dcd7","req":{"method":"POST","url":"/api/auth/login"},"res":{"statusCode":200},"responseTime":65,"msg":"request completed"}
{"level":30,"time":1790833624042,"service":"shop-api","reqId":"27df38f6-864a-4ce2-b9be-63942ff2bb5c","req":{"method":"POST","url":"/api/quote"},"res":{"statusCode":200},"responseTime":42,"msg":"request completed"}
{"level":30,"time":1790833631191,"service":"shop-api","reqId":"f29d8a78-42a8-49e6-8a96-6f3cf624fd32","req":{"method":"PUT","url":"/api/cart/items/8"},"res":{"statusCode":200},"responseTime":30,"msg":"request completed"}
{"level":30,"time":1790833637849,"service":"shop-api","reqId":"b7a6f58c-8a4d-420d-804d-5c81a71e19c8","req":{"method":"GET","url":"/api/products"},"res":{"statusCode":200},"responseTime":26,"msg":"request completed"}
{"level":30,"time":1790833640286,"service":"shop-api","reqId":"31b87767-bff1-4f2c-a94c-82d57dfbbfaa","req":{"method":"PUT","url":"/api/cart/items/5"},"res":{"statusCode":200},"responseTime":31,"msg":"request completed"}
{"level":30,"time":1790833664572,"service":"shop-api","reqId":"7814870d-cecf-48ff-8b8d-032057c7d9bf","req":{"method":"GET","url":"/api/products"},"res":{"statusCode":200},"responseTime":32,"msg":"request completed"}
{"level":30,"time":1790833666611,"service":"shop-api","reqId":"e36fc5fb-e3af-4975-90f2-547be8e56bb8","req":{"method":"GET","url":"/api/orders/843"},"res":{"statusCode":404},"responseTime":22,"msg":"request completed"}
{"level":30,"time":1790833673803,"service":"shop-api","reqId":"7b73abe7-1f66-451f-805c-abcdb46942be","req":{"method":"GET","url":"/api/products"},"res":{"statusCode":200},"responseTime":24,"msg":"request completed"}
{"level":30,"time":1790833682878,"service":"shop-api","reqId":"414e39d6-9ef5-42c6-bfb1-ceef4fc41f31","req":{"method":"GET","url":"/api/products"},"res":{"statusCode":200},"responseTime":31,"msg":"request completed"}
{"level":30,"time":1790833687649,"service":"shop-api","reqId":"a90d8fac-2e8f-4d18-8a14-0778cddd8b8c","req":{"method":"GET","url":"/api/products"},"res":{"statusCode":200},"responseTime":16,"msg":"request completed"}
{"level":30,"time":1790833688539,"service":"shop-api","reqId":"e6dc4a79-6540-4a8d-a534-a929391e25bb","req":{"method":"GET","url":"/api/products"},"res":{"statusCode":200},"responseTime":6,"msg":"request completed"}
{"level":30,"time":1790833718489,"service":"shop-api","reqId":"498c03a3-88cc-44bb-981f-8c68171031cb","req":{"method":"GET","url":"/api/products/11"},"res":{"statusCode":200},"responseTime":20,"msg":"request completed"}
{"level":30,"time":1790833732736,"service":"shop-api","reqId":"c267da16-905c-4c0b-badc-bbc4d7e32d83","req":{"method":"GET","url":"/api/products/3"},"res":{"statusCode":200},"responseTime":6,"msg":"request completed"}
{"level":30,"time":1790833736913,"service":"shop-api","reqId":"b184d6aa-db7e-467c-aef8-5cc2779918f4","req":{"method":"POST","url":"/api/auth/login"},"res":{"statusCode":200},"responseTime":112,"msg":"request completed"}
{"level":30,"time":1790833740965,"service":"shop-api","reqId":"52121d99-b3c2-4e96-b4d4-747d93937164","req":{"method":"GET","url":"/api/products/9"},"res":{"statusCode":200},"responseTime":5,"msg":"request completed"}
{"level":30,"time":1790833765940,"service":"shop-api","reqId":"ec340ddb-5dee-4478-b0d7-0881fdda8d56","req":{"method":"GET","url":"/api/products/1"},"res":{"statusCode":200},"responseTime":6,"msg":"request completed"}
{"level":30,"time":1790833766477,"service":"shop-api","reqId":"7f2f13cc-a1b2-4b3a-9afc-b5e1bb364caf","req":{"method":"POST","url":"/api/quote"},"res":{"statusCode":200},"responseTime":18,"msg":"request completed"}
{"level":30,"time":1790833797017,"service":"shop-api","reqId":"888b1090-bee6-4178-8c1a-78765b17031e","orderId":843,"amount":52000,"msg":"payment requested"}
{"level":30,"time":1790833797021,"service":"shop-api","reqId":"888b1090-bee6-4178-8c1a-78765b17031e","attempt":1,"gatewayTxId":"GW-EF8E2C","msg":"gateway call"}
{"level":30,"time":1790833797056,"service":"shop-api","reqId":"888b1090-bee6-4178-8c1a-78765b17031e","orderId":843,"gatewayTxId":"GW-EF8E2C","msg":"payment approved"}
{"level":30,"time":1790833797059,"service":"shop-api","reqId":"888b1090-bee6-4178-8c1a-78765b17031e","req":{"method":"POST","url":"/api/orders/843/pay"},"res":{"statusCode":200},"responseTime":44,"msg":"request completed"}
{"level":30,"time":1790833812393,"service":"shop-api","reqId":"8d4783fe-c7ef-4180-ae2e-7311be8e0f52","req":{"method":"PUT","url":"/api/cart/items/1"},"res":{"statusCode":200},"responseTime":30,"msg":"request completed"}
{"level":30,"time":1790833813352,"service":"shop-api","reqId":"8bc25190-3861-4b50-9dfd-2b773e73bbcc","req":{"method":"PUT","url":"/api/cart/items/4"},"res":{"statusCode":200},"responseTime":32,"msg":"request completed"}
{"level":30,"time":1790833838818,"service":"shop-api","reqId":"f0897762-c1c2-49be-916c-8757e957a04c","req":{"method":"GET","url":"/api/products"},"res":{"statusCode":200},"responseTime":9,"msg":"request completed"}
{"level":30,"time":1790833855876,"service":"shop-api","reqId":"1e521845-224c-4f6d-a0e3-6fcd89ace101","req":{"method":"GET","url":"/api/products"},"res":{"statusCode":200},"responseTime":7,"msg":"request completed"}
{"level":30,"time":1790833856587,"service":"shop-api","reqId":"97f40ca6-18d3-4e7e-b516-6455aefc129d","req":{"method":"GET","url":"/api/products/9"},"res":{"statusCode":200},"responseTime":12,"msg":"request completed"}
{"level":30,"time":1790833861753,"service":"shop-api","reqId":"9303c34f-4975-4c20-a0f9-635041bf380b","req":{"method":"GET","url":"/api/products"},"res":{"statusCode":200},"responseTime":21,"msg":"request completed"}
{"level":30,"time":1790833870568,"service":"shop-api","reqId":"f45b178d-af91-4cc7-81a3-a0fe75ab0dc2","req":{"method":"PUT","url":"/api/cart/items/4"},"res":{"statusCode":200},"responseTime":12,"msg":"request completed"}
{"level":30,"time":1790833897202,"service":"shop-api","reqId":"d5b43187-38ed-4155-bfbf-12f575a3848f","req":{"method":"GET","url":"/api/products/5"},"res":{"statusCode":200},"responseTime":12,"msg":"request completed"}
{"level":30,"time":1790833916022,"service":"shop-api","reqId":"1c0597b0-6b87-49d1-ae18-068e4fd2e436","req":{"method":"GET","url":"/api/products/13"},"res":{"statusCode":404},"responseTime":5,"msg":"request completed"}
{"level":30,"time":1790833928143,"service":"shop-api","reqId":"e7d047e9-6b4c-4649-a5f5-f21950b64342","req":{"method":"GET","url":"/api/orders/799"},"res":{"statusCode":200},"responseTime":9,"msg":"request completed"}
{"level":30,"time":1790833931129,"service":"shop-api","reqId":"86e9cf90-1c18-4608-851b-95647f05890e","req":{"method":"PUT","url":"/api/cart/items/10"},"res":{"statusCode":200},"responseTime":37,"msg":"request completed"}
{"level":30,"time":1790833940533,"service":"shop-api","reqId":"467ceada-0f28-4b98-932d-e31cfdea6d32","req":{"method":"GET","url":"/api/products/1"},"res":{"statusCode":200},"responseTime":19,"msg":"request completed"}
{"level":30,"time":1790833943204,"service":"shop-api","reqId":"8c4d8a60-ca24-4a9d-90b7-564064597ee0","req":{"method":"GET","url":"/api/products"},"res":{"statusCode":200},"responseTime":6,"msg":"request completed"}
{"level":30,"time":1790833962589,"service":"shop-api","reqId":"bc49cfa3-7ed8-4a40-99b5-e30732f8caa9","req":{"method":"GET","url":"/api/products/12"},"res":{"statusCode":200},"responseTime":7,"msg":"request completed"}
{"level":30,"time":1790833967247,"service":"shop-api","reqId":"c37f582b-d9a0-4995-8e41-739ba653e959","req":{"method":"POST","url":"/api/quote"},"res":{"statusCode":200},"responseTime":41,"msg":"request completed"}
{"level":30,"time":1790833967301,"service":"shop-api","reqId":"b3ef1a2f-1666-4a73-a746-367c21c4f41e","req":{"method":"GET","url":"/api/products"},"res":{"statusCode":200},"responseTime":22,"msg":"request completed"}
{"level":30,"time":1790833967757,"service":"shop-api","reqId":"68f754c9-3ecc-41d0-b9bf-29b62a988e1f","req":{"method":"POST","url":"/api/quote"},"res":{"statusCode":200},"responseTime":17,"msg":"request completed"}
{"level":30,"time":1790833975137,"service":"shop-api","reqId":"7b7e3767-703c-4d66-946f-cb0ab5b52f4f","req":{"method":"POST","url":"/api/orders"},"res":{"statusCode":201},"responseTime":44,"msg":"request completed"}
{"level":30,"time":1790833979793,"service":"shop-api","reqId":"f655b24e-46d0-40ac-a644-4561e2eb2d9d","req":{"method":"POST","url":"/api/auth/login"},"res":{"statusCode":200},"responseTime":103,"msg":"request completed"}
{"level":30,"time":1790833982301,"service":"shop-api","reqId":"9ec2e850-8303-4d40-8a44-3a848b593363","req":{"method":"POST","url":"/api/quote"},"res":{"statusCode":200},"responseTime":26,"msg":"request completed"}
{"level":30,"time":1790834038901,"service":"shop-api","reqId":"5260edb8-f063-485b-96a5-6bc8e704fd0d","req":{"method":"POST","url":"/api/quote"},"res":{"statusCode":200},"responseTime":30,"msg":"request completed"}
{"level":30,"time":1790834055607,"service":"shop-api","reqId":"2405b554-4551-47dc-bff1-fe2a24087ccc","req":{"method":"GET","url":"/api/products"},"res":{"statusCode":200},"responseTime":13,"msg":"request completed"}
{"level":30,"time":1790834061065,"service":"shop-api","reqId":"7df9a20f-ba61-42b9-9cbc-c87c17387e60","req":{"method":"POST","url":"/api/quote"},"res":{"statusCode":200},"responseTime":23,"msg":"request completed"}
{"level":30,"time":1790834074032,"service":"shop-api","reqId":"8d9babe8-32f1-4682-93a8-3561fcd0868b","req":{"method":"GET","url":"/api/products/13"},"res":{"statusCode":404},"responseTime":12,"msg":"request completed"}
{"level":30,"time":1790834099550,"service":"shop-api","reqId":"679c20cc-5080-4d9d-bee3-7baf0068717f","req":{"method":"GET","url":"/api/products/12"},"res":{"statusCode":200},"responseTime":18,"msg":"request completed"}
{"level":30,"time":1790834101161,"service":"shop-api","reqId":"ce2e6490-ee83-4f80-b8aa-7438bf77e144","req":{"method":"POST","url":"/api/auth/login"},"res":{"statusCode":200},"responseTime":71,"msg":"request completed"}
{"level":30,"time":1790834128310,"service":"shop-api","reqId":"179e7f7f-8911-4ac6-93ee-432c0986997e","orderId":844,"amount":59000,"msg":"payment requested"}
{"level":30,"time":1790834128314,"service":"shop-api","reqId":"179e7f7f-8911-4ac6-93ee-432c0986997e","attempt":1,"gatewayTxId":"GW-2BA7E4","msg":"gateway call"}
{"level":30,"time":1790834128349,"service":"shop-api","reqId":"179e7f7f-8911-4ac6-93ee-432c0986997e","orderId":844,"gatewayTxId":"GW-2BA7E4","msg":"payment approved"}
{"level":30,"time":1790834128352,"service":"shop-api","reqId":"179e7f7f-8911-4ac6-93ee-432c0986997e","req":{"method":"POST","url":"/api/orders/844/pay"},"res":{"statusCode":200},"responseTime":44,"msg":"request completed"}
{"level":30,"time":1790834148035,"service":"shop-api","reqId":"7a17099d-288c-45b7-8193-ec1ea4f40986","req":{"method":"GET","url":"/api/products"},"res":{"statusCode":200},"responseTime":6,"msg":"request completed"}
{"level":30,"time":1790834159644,"service":"shop-api","reqId":"b8b77201-f6af-4964-9f1d-12c4489add43","req":{"method":"GET","url":"/api/products/11"},"res":{"statusCode":200},"responseTime":7,"msg":"request completed"}
{"level":30,"time":1790834167884,"service":"shop-api","reqId":"ec95e5e0-7caa-4bc3-b744-7189db39b390","req":{"method":"GET","url":"/api/products"},"res":{"statusCode":200},"responseTime":17,"msg":"request completed"}
{"level":30,"time":1790834171724,"service":"shop-api","reqId":"852cf41c-c993-462d-953b-7be853e2d270","req":{"method":"POST","url":"/api/orders"},"res":{"statusCode":201},"responseTime":49,"msg":"request completed"}
{"level":30,"time":1790834199983,"service":"shop-api","reqId":"734ee192-66fb-4d17-aa63-6728e637df07","req":{"method":"POST","url":"/api/quote"},"res":{"statusCode":422},"responseTime":39,"msg":"request completed"}
{"level":30,"time":1790834203268,"service":"shop-api","reqId":"d8b5428c-5e26-4ae2-a8f3-9d04cf89585b","req":{"method":"POST","url":"/api/quote"},"res":{"statusCode":200},"responseTime":32,"msg":"request completed"}
{"level":30,"time":1790834203960,"service":"shop-api","reqId":"b5c8ec81-af2f-4b7f-b0c6-f02e00853cc3","req":{"method":"GET","url":"/api/products/1"},"res":{"statusCode":200},"responseTime":20,"msg":"request completed"}
{"level":30,"time":1790834226960,"service":"shop-api","reqId":"2d94f245-8fac-4a9e-83c0-eb10ade10469","req":{"method":"POST","url":"/api/quote"},"res":{"statusCode":200},"responseTime":31,"msg":"request completed"}
{"level":30,"time":1790834233176,"service":"shop-api","reqId":"3a796337-b5d7-4642-8c40-d394198c22aa","req":{"method":"PUT","url":"/api/cart/items/7"},"res":{"statusCode":200},"responseTime":22,"msg":"request completed"}
{"level":30,"time":1790834248807,"service":"shop-api","reqId":"70272b5a-92df-4fce-bdcb-890f18d76d9e","req":{"method":"GET","url":"/api/orders/803"},"res":{"statusCode":404},"responseTime":24,"msg":"request completed"}
{"level":30,"time":1790834277696,"service":"shop-api","reqId":"aebe84fd-e7d2-4e5c-a8c1-d87fda2c5a05","req":{"method":"GET","url":"/api/products/3"},"res":{"statusCode":200},"responseTime":10,"msg":"request completed"}
{"level":30,"time":1790834301434,"service":"shop-api","reqId":"d979dbb7-99cd-4a1b-bb8d-fb65c65b4b5e","req":{"method":"GET","url":"/api/products"},"res":{"statusCode":200},"responseTime":14,"msg":"request completed"}
{"level":30,"time":1790834321451,"service":"shop-api","reqId":"bfb60529-d7f3-4277-83d0-fcaf3b0315f8","req":{"method":"GET","url":"/api/products"},"res":{"statusCode":200},"responseTime":15,"msg":"request completed"}
{"level":30,"time":1790834324383,"service":"shop-api","reqId":"36841578-3ed4-444d-9f6f-7011e9ccd523","req":{"method":"GET","url":"/api/products"},"res":{"statusCode":200},"responseTime":17,"msg":"request completed"}
{"level":30,"time":1790834327510,"service":"shop-api","reqId":"d3f5458a-4fe7-41c4-b5e3-37d913185f61","req":{"method":"POST","url":"/api/auth/login"},"res":{"statusCode":200},"responseTime":57,"msg":"request completed"}
{"level":30,"time":1790834354969,"service":"shop-api","reqId":"346aacad-55b7-439b-a985-2279c17d7d3b","req":{"method":"GET","url":"/api/products/3"},"res":{"statusCode":200},"responseTime":14,"msg":"request completed"}
{"level":30,"time":1790834358298,"service":"shop-api","reqId":"c89dacbf-027b-4c48-8412-5afd344f6aa7","req":{"method":"POST","url":"/api/auth/login"},"res":{"statusCode":200},"responseTime":47,"msg":"request completed"}
{"level":30,"time":1790834380774,"service":"shop-api","reqId":"689ee761-a94a-486e-aebc-a19bc3b1274f","req":{"method":"GET","url":"/api/products"},"res":{"statusCode":200},"responseTime":35,"msg":"request completed"}
{"level":30,"time":1790834381729,"service":"shop-api","reqId":"f703c242-9616-4526-8c04-05c2721d60d0","req":{"method":"POST","url":"/api/quote"},"res":{"statusCode":422},"responseTime":21,"msg":"request completed"}
{"level":30,"time":1790834386284,"service":"shop-api","reqId":"73438cdc-e99d-4143-a3dc-cf761d48f9a7","req":{"method":"GET","url":"/api/products"},"res":{"statusCode":200},"responseTime":13,"msg":"request completed"}
{"level":30,"time":1790834398077,"service":"shop-api","reqId":"52ce8630-9f73-4e1a-9a53-36993db1f7ab","req":{"method":"POST","url":"/api/quote"},"res":{"statusCode":200},"responseTime":27,"msg":"request completed"}
{"level":30,"time":1790834398779,"service":"shop-api","reqId":"aefec9fc-dfd1-41ee-a2e3-1b5af66bdd57","orderId":845,"amount":119000,"msg":"payment requested"}
{"level":30,"time":1790834398783,"service":"shop-api","reqId":"aefec9fc-dfd1-41ee-a2e3-1b5af66bdd57","attempt":1,"gatewayTxId":"GW-3F32B9","msg":"gateway call"}
{"level":30,"time":1790834398818,"service":"shop-api","reqId":"aefec9fc-dfd1-41ee-a2e3-1b5af66bdd57","orderId":845,"gatewayTxId":"GW-3F32B9","msg":"payment approved"}
{"level":30,"time":1790834398821,"service":"shop-api","reqId":"aefec9fc-dfd1-41ee-a2e3-1b5af66bdd57","req":{"method":"POST","url":"/api/orders/845/pay"},"res":{"statusCode":200},"responseTime":44,"msg":"request completed"}
{"level":30,"time":1790834400217,"service":"shop-api","reqId":"ebcd7b75-25db-466d-bd60-7b307d9056c3","req":{"method":"GET","url":"/api/products"},"res":{"statusCode":200},"responseTime":19,"msg":"request completed"}
{"level":30,"time":1790834419705,"service":"shop-api","reqId":"247f1d09-106b-4e42-ac26-1663abe41b3b","req":{"method":"PUT","url":"/api/cart/items/9"},"res":{"statusCode":200},"responseTime":36,"msg":"request completed"}
{"level":30,"time":1790834432756,"service":"shop-api","reqId":"092b1e11-f276-4638-8f72-cfcda1d1c76a","orderId":846,"amount":119000,"msg":"payment requested"}
{"level":30,"time":1790834432760,"service":"shop-api","reqId":"092b1e11-f276-4638-8f72-cfcda1d1c76a","attempt":1,"gatewayTxId":"GW-B32687","msg":"gateway call"}
{"level":30,"time":1790834432795,"service":"shop-api","reqId":"092b1e11-f276-4638-8f72-cfcda1d1c76a","orderId":846,"gatewayTxId":"GW-B32687","msg":"payment approved"}
{"level":30,"time":1790834432798,"service":"shop-api","reqId":"092b1e11-f276-4638-8f72-cfcda1d1c76a","req":{"method":"POST","url":"/api/orders/846/pay"},"res":{"statusCode":200},"responseTime":44,"msg":"request completed"}
{"level":30,"time":1790834436939,"service":"shop-api","reqId":"19460402-a145-446b-8a96-7d8e9ce20ec5","req":{"method":"POST","url":"/api/quote"},"res":{"statusCode":200},"responseTime":31,"msg":"request completed"}
{"level":30,"time":1790834443560,"service":"shop-api","reqId":"d043df79-0381-4f60-abf0-8b707a2672f6","req":{"method":"GET","url":"/api/products/11"},"res":{"statusCode":200},"responseTime":17,"msg":"request completed"}
{"level":30,"time":1790834458818,"service":"shop-api","reqId":"beafeb64-636b-41d4-bff6-a53d2696bd56","req":{"method":"GET","url":"/api/products"},"res":{"statusCode":200},"responseTime":19,"msg":"request completed"}
{"level":30,"time":1790834502750,"service":"shop-api","reqId":"1840be9a-ea54-4c95-8694-75d277be052d","req":{"method":"GET","url":"/api/products"},"res":{"statusCode":200},"responseTime":33,"msg":"request completed"}
{"level":30,"time":1790834513703,"service":"shop-api","reqId":"355fb6f8-e6bb-4439-b26e-c15e3e4332d0","req":{"method":"GET","url":"/api/products"},"res":{"statusCode":200},"responseTime":28,"msg":"request completed"}
{"level":30,"time":1790834514069,"service":"shop-api","reqId":"77479e1b-154c-4d20-ac78-446695af62ac","req":{"method":"GET","url":"/api/products"},"res":{"statusCode":200},"responseTime":26,"msg":"request completed"}
{"level":30,"time":1790834602964,"service":"shop-api","reqId":"854420fc-0152-4e6f-b95a-46628a9a4db0","req":{"method":"POST","url":"/api/quote"},"res":{"statusCode":200},"responseTime":38,"msg":"request completed"}
{"level":30,"time":1790834607650,"service":"shop-api","reqId":"2740ea73-67e4-4580-b649-c309b48859f7","req":{"method":"POST","url":"/api/quote"},"res":{"statusCode":200},"responseTime":43,"msg":"request completed"}
{"level":30,"time":1790834616158,"service":"shop-api","reqId":"79ab5cbd-830f-449f-8868-03c3e92a51a7","req":{"method":"GET","url":"/api/products/9"},"res":{"statusCode":200},"responseTime":8,"msg":"request completed"}
{"level":30,"time":1790834619773,"service":"shop-api","reqId":"879d7431-9756-4ad1-8bd4-6de802636224","req":{"method":"PUT","url":"/api/cart/items/7"},"res":{"statusCode":200},"responseTime":23,"msg":"request completed"}
{"level":30,"time":1790834635365,"service":"shop-api","reqId":"88349136-bafd-4a91-9d42-5f45ae3a2d9d","req":{"method":"GET","url":"/api/products/2"},"res":{"statusCode":200},"responseTime":17,"msg":"request completed"}
{"level":30,"time":1790834639128,"service":"shop-api","reqId":"3a83d541-e199-410d-90ac-6edfe07352e9","req":{"method":"GET","url":"/api/products"},"res":{"statusCode":200},"responseTime":29,"msg":"request completed"}
{"level":30,"time":1790834642122,"service":"shop-api","reqId":"694e9a8c-3b06-4e2a-9757-543a93a18344","req":{"method":"POST","url":"/api/orders"},"res":{"statusCode":201},"responseTime":39,"msg":"request completed"}
{"level":30,"time":1790834647775,"service":"shop-api","reqId":"3df08583-c097-46c7-8fbf-b268c4091c9e","req":{"method":"GET","url":"/api/products"},"res":{"statusCode":200},"responseTime":20,"msg":"request completed"}
{"level":30,"time":1790834648424,"service":"shop-api","reqId":"d5c0bfa7-158c-48f7-8d57-6f148af09611","req":{"method":"GET","url":"/api/products"},"res":{"statusCode":200},"responseTime":9,"msg":"request completed"}
{"level":30,"time":1790834673625,"service":"shop-api","reqId":"d05ef8b1-5112-43c3-a829-51cc558f80f4","orderId":847,"amount":118000,"msg":"payment requested"}
{"level":30,"time":1790834673629,"service":"shop-api","reqId":"d05ef8b1-5112-43c3-a829-51cc558f80f4","attempt":1,"gatewayTxId":"GW-62A85B","msg":"gateway call"}
{"level":30,"time":1790834673664,"service":"shop-api","reqId":"d05ef8b1-5112-43c3-a829-51cc558f80f4","orderId":847,"gatewayTxId":"GW-62A85B","msg":"payment approved"}
{"level":30,"time":1790834673667,"service":"shop-api","reqId":"d05ef8b1-5112-43c3-a829-51cc558f80f4","req":{"method":"POST","url":"/api/orders/847/pay"},"res":{"statusCode":200},"responseTime":44,"msg":"request completed"}
{"level":30,"time":1790834687331,"service":"shop-api","reqId":"a41958bc-8c4a-4f06-9e13-505447fe3047","req":{"method":"GET","url":"/api/products"},"res":{"statusCode":200},"responseTime":9,"msg":"request completed"}
{"level":30,"time":1790834705515,"service":"shop-api","reqId":"e89343ba-b223-406c-b3db-2a9ba146db4f","req":{"method":"GET","url":"/api/products"},"res":{"statusCode":200},"responseTime":28,"msg":"request completed"}
{"level":30,"time":1790834732563,"service":"shop-api","reqId":"1195a105-ffba-4cc6-9c53-dbf415a39200","req":{"method":"GET","url":"/api/products"},"res":{"statusCode":200},"responseTime":35,"msg":"request completed"}
{"level":30,"time":1790834744294,"service":"shop-api","reqId":"61fc4234-e1e3-4ad0-9404-20b6c1e7d537","orderId":848,"amount":16000,"msg":"payment requested"}
{"level":30,"time":1790834744298,"service":"shop-api","reqId":"61fc4234-e1e3-4ad0-9404-20b6c1e7d537","attempt":1,"gatewayTxId":"GW-C71798","msg":"gateway call"}
{"level":30,"time":1790834744333,"service":"shop-api","reqId":"61fc4234-e1e3-4ad0-9404-20b6c1e7d537","orderId":848,"gatewayTxId":"GW-C71798","msg":"payment approved"}
{"level":30,"time":1790834744336,"service":"shop-api","reqId":"61fc4234-e1e3-4ad0-9404-20b6c1e7d537","req":{"method":"POST","url":"/api/orders/848/pay"},"res":{"statusCode":200},"responseTime":44,"msg":"request completed"}
{"level":30,"time":1790834768880,"service":"shop-api","reqId":"00cf2a94-e641-420f-bb7a-3ef2b71c25fe","req":{"method":"GET","url":"/api/orders/843"},"res":{"statusCode":200},"responseTime":24,"msg":"request completed"}
{"level":30,"time":1790834779668,"service":"shop-api","reqId":"93e826de-d1e3-4d85-8b15-3c69e2ac4804","req":{"method":"GET","url":"/api/products"},"res":{"statusCode":200},"responseTime":12,"msg":"request completed"}
{"level":30,"time":1790834780749,"service":"shop-api","reqId":"9eaaf960-390e-4356-b162-79b79c0ded11","req":{"method":"POST","url":"/api/auth/login"},"res":{"statusCode":200},"responseTime":83,"msg":"request completed"}
{"level":30,"time":1790834845553,"service":"shop-api","reqId":"b309e66f-425f-4ca9-b86e-ddc1fec511f9","req":{"method":"GET","url":"/api/products"},"res":{"statusCode":200},"responseTime":24,"msg":"request completed"}
{"level":30,"time":1790834878411,"service":"shop-api","reqId":"fb4d9004-d7b6-4956-8159-702733dba97a","req":{"method":"GET","url":"/api/products/4"},"res":{"statusCode":200},"responseTime":19,"msg":"request completed"}
{"level":30,"time":1790834891673,"service":"shop-api","reqId":"3760e665-a928-4d8c-a6c6-7fd0233c2175","req":{"method":"GET","url":"/api/products/4"},"res":{"statusCode":200},"responseTime":4,"msg":"request completed"}
{"level":30,"time":1790834898720,"service":"shop-api","reqId":"eccfee88-ed67-4218-bd93-b792144928e5","req":{"method":"GET","url":"/api/products"},"res":{"statusCode":200},"responseTime":26,"msg":"request completed"}
{"level":30,"time":1790834917781,"service":"shop-api","reqId":"2caa2a72-32f9-4071-a96d-50ad6d2ef09a","req":{"method":"POST","url":"/api/quote"},"res":{"statusCode":200},"responseTime":25,"msg":"request completed"}
{"level":30,"time":1790834948771,"service":"shop-api","reqId":"d1c1dd93-784a-4279-991e-be347c4314f5","req":{"method":"PUT","url":"/api/cart/items/8"},"res":{"statusCode":200},"responseTime":35,"msg":"request completed"}
{"level":30,"time":1790834959311,"service":"shop-api","reqId":"5148a356-68e3-447c-a392-3552c9793c21","req":{"method":"GET","url":"/api/orders/796"},"res":{"statusCode":200},"responseTime":17,"msg":"request completed"}
{"level":30,"time":1790834969942,"service":"shop-api","reqId":"e7a5589e-f930-4320-bc4e-b4d9b49f937b","req":{"method":"POST","url":"/api/orders"},"res":{"statusCode":201},"responseTime":36,"msg":"request completed"}
{"level":30,"time":1790834977145,"service":"shop-api","reqId":"823690ed-5692-41db-9584-531651d270db","orderId":849,"amount":37000,"msg":"payment requested"}
{"level":30,"time":1790834977149,"service":"shop-api","reqId":"823690ed-5692-41db-9584-531651d270db","attempt":1,"gatewayTxId":"GW-9AD969","msg":"gateway call"}
{"level":30,"time":1790834977184,"service":"shop-api","reqId":"823690ed-5692-41db-9584-531651d270db","orderId":849,"gatewayTxId":"GW-9AD969","msg":"payment approved"}
{"level":30,"time":1790834977187,"service":"shop-api","reqId":"823690ed-5692-41db-9584-531651d270db","req":{"method":"POST","url":"/api/orders/849/pay"},"res":{"statusCode":200},"responseTime":44,"msg":"request completed"}
{"level":30,"time":1790834977601,"service":"shop-api","reqId":"bc27bed9-658c-4cd1-8185-f8a568382100","req":{"method":"GET","url":"/api/products"},"res":{"statusCode":200},"responseTime":17,"msg":"request completed"}
{"level":30,"time":1790834981115,"service":"shop-api","reqId":"bcc7a78f-bc12-4b2e-b549-537ea5d9c495","req":{"method":"POST","url":"/api/auth/login"},"res":{"statusCode":200},"responseTime":83,"msg":"request completed"}
{"level":30,"time":1790834987721,"service":"shop-api","reqId":"eef4e670-3474-4225-9f4d-5e3cfd0ffe5e","req":{"method":"GET","url":"/api/orders/828"},"res":{"statusCode":200},"responseTime":20,"msg":"request completed"}
{"level":30,"time":1790835000984,"service":"shop-api","reqId":"9e12de76-3224-4f8b-a334-56a5de913d28","req":{"method":"GET","url":"/api/products"},"res":{"statusCode":200},"responseTime":11,"msg":"request completed"}
{"level":30,"time":1790835012874,"service":"shop-api","reqId":"b97b12e5-4184-4a1b-8a14-40dc6807b265","req":{"method":"GET","url":"/api/products/14"},"res":{"statusCode":404},"responseTime":15,"msg":"request completed"}
{"level":30,"time":1790835013216,"service":"shop-api","reqId":"1fd68604-ace4-4be9-8ab8-8884a7d43dc9","req":{"method":"GET","url":"/api/products"},"res":{"statusCode":200},"responseTime":33,"msg":"request completed"}
{"level":30,"time":1790835041901,"service":"shop-api","reqId":"5dc289a5-8297-4b80-b2a1-8cd22ac3c140","req":{"method":"GET","url":"/api/products"},"res":{"statusCode":200},"responseTime":27,"msg":"request completed"}
{"level":30,"time":1790835047492,"service":"shop-api","reqId":"14ae438e-3a2b-44a5-ada7-d0849f5cb186","req":{"method":"GET","url":"/api/products"},"res":{"statusCode":200},"responseTime":11,"msg":"request completed"}
{"level":30,"time":1790835063658,"service":"shop-api","reqId":"cad3bac2-1394-4477-8da4-fbf094d40494","req":{"method":"GET","url":"/api/products/9"},"res":{"statusCode":200},"responseTime":10,"msg":"request completed"}
{"level":30,"time":1790835100753,"service":"shop-api","reqId":"55c5cf45-2028-468a-b86c-c48d53c1f29c","req":{"method":"PUT","url":"/api/cart/items/7"},"res":{"statusCode":200},"responseTime":10,"msg":"request completed"}
{"level":30,"time":1790835104952,"service":"shop-api","reqId":"011bf0ad-2341-4660-b832-3ef8882b6964","req":{"method":"GET","url":"/api/products"},"res":{"statusCode":200},"responseTime":25,"msg":"request completed"}
{"level":30,"time":1790835113312,"service":"shop-api","reqId":"fbc618b4-46a8-4239-b3aa-38d6f2451f61","req":{"method":"GET","url":"/api/products"},"res":{"statusCode":200},"responseTime":9,"msg":"request completed"}
{"level":30,"time":1790835116302,"service":"shop-api","reqId":"39c82efa-0cdc-4ffd-8186-a66eb590532c","req":{"method":"GET","url":"/api/products"},"res":{"statusCode":200},"responseTime":10,"msg":"request completed"}
{"level":30,"time":1790835144777,"service":"shop-api","reqId":"f9f6da22-1882-4aac-a4e0-b725e002930b","req":{"method":"GET","url":"/api/products"},"res":{"statusCode":200},"responseTime":27,"msg":"request completed"}
{"level":30,"time":1790835149128,"service":"shop-api","reqId":"3a6777af-cc77-454d-bc94-a5897cdcec7f","req":{"method":"GET","url":"/api/products"},"res":{"statusCode":200},"responseTime":8,"msg":"request completed"}
{"level":30,"time":1790835196953,"service":"shop-api","reqId":"ad44afbb-f9c6-4ca0-9322-fe560bc0fb83","req":{"method":"POST","url":"/api/quote"},"res":{"statusCode":200},"responseTime":17,"msg":"request completed"}
{"level":30,"time":1790835198235,"service":"shop-api","reqId":"e65b62d3-fcb9-484a-9cbf-729dc6635bb7","req":{"method":"GET","url":"/api/products/11"},"res":{"statusCode":200},"responseTime":19,"msg":"request completed"}
{"level":30,"time":1790835237755,"service":"shop-api","reqId":"f3cc0139-bb92-4ab9-aa11-a1e87e5aaeb3","req":{"method":"PUT","url":"/api/cart/items/7"},"res":{"statusCode":200},"responseTime":23,"msg":"request completed"}
{"level":30,"time":1790835245745,"service":"shop-api","reqId":"af7bd67a-23e7-41b5-a5f5-81185b15c3ff","req":{"method":"POST","url":"/api/auth/login"},"res":{"statusCode":401},"responseTime":45,"msg":"request completed"}
{"level":30,"time":1790835253194,"service":"shop-api","reqId":"56b8f06d-68e2-4b3c-bfab-993b3e3443f0","req":{"method":"PUT","url":"/api/cart/items/11"},"res":{"statusCode":200},"responseTime":9,"msg":"request completed"}
{"level":30,"time":1790835256639,"service":"shop-api","reqId":"e3fbfda9-ca26-4b40-9dce-880f6c40ded4","req":{"method":"GET","url":"/api/products"},"res":{"statusCode":200},"responseTime":22,"msg":"request completed"}
{"level":30,"time":1790835267451,"service":"shop-api","reqId":"115ba286-ce5b-404b-b0af-9f5a50b6dcc9","req":{"method":"GET","url":"/api/orders/897"},"res":{"statusCode":200},"responseTime":10,"msg":"request completed"}
{"level":30,"time":1790835300513,"service":"shop-api","reqId":"cfa2f147-ea58-4463-a6ba-dae2a228848f","req":{"method":"GET","url":"/api/products/2"},"res":{"statusCode":200},"responseTime":10,"msg":"request completed"}
{"level":30,"time":1790835311553,"service":"shop-api","reqId":"b6b22285-9153-4559-8d1a-5972fea56033","req":{"method":"GET","url":"/api/products/11"},"res":{"statusCode":200},"responseTime":13,"msg":"request completed"}
{"level":30,"time":1790835314648,"service":"shop-api","reqId":"919aec6e-8cb0-4e67-9932-a684f5f83cd3","req":{"method":"GET","url":"/api/products"},"res":{"statusCode":200},"responseTime":9,"msg":"request completed"}
{"level":30,"time":1790835342493,"service":"shop-api","reqId":"ad1b3552-fba8-4304-9a19-02c465f68a9c","req":{"method":"GET","url":"/api/products"},"res":{"statusCode":200},"responseTime":26,"msg":"request completed"}
{"level":30,"time":1790835359092,"service":"shop-api","reqId":"906adb77-2e0a-4d89-a927-4e303c59bce7","req":{"method":"GET","url":"/api/products/11"},"res":{"statusCode":200},"responseTime":8,"msg":"request completed"}
{"level":30,"time":1790835375896,"service":"shop-api","reqId":"0bc167d1-2948-436a-944e-04412282b4d1","req":{"method":"POST","url":"/api/quote"},"res":{"statusCode":200},"responseTime":35,"msg":"request completed"}
{"level":30,"time":1790835403694,"service":"shop-api","reqId":"17a90871-cab9-4c3f-8dd9-69d35b81d247","req":{"method":"GET","url":"/api/products"},"res":{"statusCode":200},"responseTime":7,"msg":"request completed"}
{"level":30,"time":1790835424444,"service":"shop-api","reqId":"f6131a45-a25e-48a1-a4b1-5f46704a3049","req":{"method":"GET","url":"/api/products"},"res":{"statusCode":200},"responseTime":9,"msg":"request completed"}
{"level":30,"time":1790835426287,"service":"shop-api","reqId":"92ac04cd-fc62-4810-a31b-90dae987c83c","req":{"method":"POST","url":"/api/auth/login"},"res":{"statusCode":200},"responseTime":86,"msg":"request completed"}
{"level":30,"time":1790835439586,"service":"shop-api","reqId":"c307ce4f-ab51-45a5-93d9-c088487fdd0d","req":{"method":"POST","url":"/api/orders"},"res":{"statusCode":201},"responseTime":47,"msg":"request completed"}
{"level":30,"time":1790835440063,"service":"shop-api","reqId":"27c3b078-ed82-4d99-a7d3-fdffd2f1a6b0","req":{"method":"GET","url":"/api/products"},"res":{"statusCode":200},"responseTime":12,"msg":"request completed"}
{"level":30,"time":1790835445115,"service":"shop-api","reqId":"4b9a4787-db17-43c0-a80f-fef91ee044ee","req":{"method":"GET","url":"/api/products"},"res":{"statusCode":200},"responseTime":12,"msg":"request completed"}
{"level":30,"time":1790835451164,"service":"shop-api","reqId":"7e505779-59ec-4d27-8260-0b8041139af6","req":{"method":"GET","url":"/api/products"},"res":{"statusCode":200},"responseTime":7,"msg":"request completed"}
{"level":30,"time":1790835465174,"service":"shop-api","reqId":"d6ec3a39-9616-4724-858c-6097d5b9188f","orderId":850,"amount":46000,"msg":"payment requested"}
{"level":30,"time":1790835465178,"service":"shop-api","reqId":"d6ec3a39-9616-4724-858c-6097d5b9188f","attempt":1,"gatewayTxId":"GW-730FD2","msg":"gateway call"}
{"level":30,"time":1790835465213,"service":"shop-api","reqId":"d6ec3a39-9616-4724-858c-6097d5b9188f","orderId":850,"gatewayTxId":"GW-730FD2","msg":"payment approved"}
{"level":30,"time":1790835465216,"service":"shop-api","reqId":"d6ec3a39-9616-4724-858c-6097d5b9188f","req":{"method":"POST","url":"/api/orders/850/pay"},"res":{"statusCode":200},"responseTime":44,"msg":"request completed"}
{"level":30,"time":1790835473537,"service":"shop-api","reqId":"398483d1-d9b8-4906-aa08-5cdd12b00cfe","orderId":851,"amount":72000,"msg":"payment requested"}
{"level":30,"time":1790835473541,"service":"shop-api","reqId":"398483d1-d9b8-4906-aa08-5cdd12b00cfe","attempt":1,"gatewayTxId":"GW-898643","msg":"gateway call"}
{"level":30,"time":1790835473576,"service":"shop-api","reqId":"398483d1-d9b8-4906-aa08-5cdd12b00cfe","orderId":851,"gatewayTxId":"GW-898643","msg":"payment approved"}
{"level":30,"time":1790835473579,"service":"shop-api","reqId":"398483d1-d9b8-4906-aa08-5cdd12b00cfe","req":{"method":"POST","url":"/api/orders/851/pay"},"res":{"statusCode":200},"responseTime":44,"msg":"request completed"}
{"level":30,"time":1790835475790,"service":"shop-api","reqId":"a92a5860-2d1e-47f1-8ee0-58f088c056e7","req":{"method":"GET","url":"/api/products/11"},"res":{"statusCode":200},"responseTime":14,"msg":"request completed"}
{"level":30,"time":1790835488815,"service":"shop-api","reqId":"b3cae695-d739-422a-b81a-97e964fee4b1","req":{"method":"POST","url":"/api/orders"},"res":{"statusCode":201},"responseTime":72,"msg":"request completed"}
{"level":30,"time":1790835503620,"service":"shop-api","reqId":"399b0097-8886-47e5-95d3-d8d1006f781d","req":{"method":"GET","url":"/api/products"},"res":{"statusCode":200},"responseTime":25,"msg":"request completed"}
{"level":30,"time":1790835510683,"service":"shop-api","reqId":"b5f54f56-569b-4915-85e1-c54a63431c61","req":{"method":"GET","url":"/api/products/5"},"res":{"statusCode":200},"responseTime":19,"msg":"request completed"}
{"level":30,"time":1790835533480,"service":"shop-api","reqId":"9bbda8e1-d5eb-4054-b10c-e66533f57956","req":{"method":"GET","url":"/api/products"},"res":{"statusCode":200},"responseTime":17,"msg":"request completed"}
{"level":30,"time":1790835573353,"service":"shop-api","reqId":"d5171a4b-ad7e-49bd-a156-ffd88cb4b37c","req":{"method":"PUT","url":"/api/cart/items/2"},"res":{"statusCode":400},"responseTime":15,"msg":"request completed"}
{"level":30,"time":1790835580738,"service":"shop-api","reqId":"94eee6d9-e1db-40ad-920f-bf5e4431b0f1","req":{"method":"GET","url":"/api/products"},"res":{"statusCode":200},"responseTime":23,"msg":"request completed"}
{"level":30,"time":1790835592933,"service":"shop-api","reqId":"5ad54896-6ba2-4a48-862a-3d3a26766a84","req":{"method":"GET","url":"/api/products"},"res":{"statusCode":200},"responseTime":19,"msg":"request completed"}
{"level":30,"time":1790835604889,"service":"shop-api","reqId":"a01da5ab-7b97-4b98-b428-3061ce029889","req":{"method":"GET","url":"/api/products"},"res":{"statusCode":200},"responseTime":29,"msg":"request completed"}
{"level":30,"time":1790835609395,"service":"shop-api","reqId":"3774b4c9-254b-4cb5-8fe5-02a52c7556b2","req":{"method":"GET","url":"/api/products"},"res":{"statusCode":200},"responseTime":32,"msg":"request completed"}
{"level":30,"time":1790835609922,"service":"shop-api","reqId":"064334aa-57f1-4f7a-89ba-194909780460","req":{"method":"POST","url":"/api/quote"},"res":{"statusCode":200},"responseTime":24,"msg":"request completed"}
{"level":30,"time":1790835643933,"service":"shop-api","reqId":"f8c31370-6f49-49ba-a69f-48e3e881b45b","req":{"method":"GET","url":"/api/products"},"res":{"statusCode":200},"responseTime":11,"msg":"request completed"}
{"level":30,"time":1790835658599,"service":"shop-api","reqId":"54b5e52e-ae4e-4441-94e5-f13965b8d101","req":{"method":"PUT","url":"/api/cart/items/8"},"res":{"statusCode":200},"responseTime":31,"msg":"request completed"}
{"level":50,"time":1790835669103,"service":"shop-api","reqId":"cee1f90e-48cd-496c-9150-65a0b88f7a7b","err":{"code":"40P01"},"msg":"deadlock detected"}
{"level":50,"time":1790835671104,"service":"shop-api","reqId":"cee1f90e-48cd-496c-9150-65a0b88f7a7b","req":{"method":"POST","url":"/api/orders"},"res":{"statusCode":500},"responseTime":2003,"msg":"request completed"}
{"level":30,"time":1790835687044,"service":"shop-api","reqId":"fa7158df-4c0e-47d3-81d4-cffd55478f07","req":{"method":"POST","url":"/api/quote"},"res":{"statusCode":200},"responseTime":18,"msg":"request completed"}
{"level":30,"time":1790835705730,"service":"shop-api","reqId":"f02a8a02-0bcb-4ae8-85da-bf0fd5eac19f","req":{"method":"GET","url":"/api/products/12"},"res":{"statusCode":200},"responseTime":4,"msg":"request completed"}
{"level":30,"time":1790835715436,"service":"shop-api","reqId":"139679af-0706-4cb1-8bf7-39826a7f73be","req":{"method":"PUT","url":"/api/cart/items/2"},"res":{"statusCode":400},"responseTime":31,"msg":"request completed"}
{"level":30,"time":1790835722780,"service":"shop-api","reqId":"35d2dc66-fdc4-4baf-89c4-5044394de6c2","req":{"method":"GET","url":"/api/products/3"},"res":{"statusCode":200},"responseTime":16,"msg":"request completed"}
{"level":30,"time":1790835742434,"service":"shop-api","reqId":"abc99cae-875c-49e0-924a-f80b7389455d","req":{"method":"GET","url":"/api/products"},"res":{"statusCode":200},"responseTime":31,"msg":"request completed"}
{"level":30,"time":1790835768642,"service":"shop-api","reqId":"7a03cea4-a32c-4f37-84f0-8ea2cc8481ef","req":{"method":"POST","url":"/api/orders"},"res":{"statusCode":201},"responseTime":48,"msg":"request completed"}
{"level":30,"time":1790835776183,"service":"shop-api","reqId":"d3f397bf-6bc4-4baf-b20b-9bf380f63e4f","orderId":852,"amount":31000,"msg":"payment requested"}
{"level":30,"time":1790835776187,"service":"shop-api","reqId":"d3f397bf-6bc4-4baf-b20b-9bf380f63e4f","attempt":1,"gatewayTxId":"GW-3C8351","msg":"gateway call"}
{"level":30,"time":1790835776222,"service":"shop-api","reqId":"d3f397bf-6bc4-4baf-b20b-9bf380f63e4f","orderId":852,"gatewayTxId":"GW-3C8351","msg":"payment approved"}
{"level":30,"time":1790835776225,"service":"shop-api","reqId":"d3f397bf-6bc4-4baf-b20b-9bf380f63e4f","req":{"method":"POST","url":"/api/orders/852/pay"},"res":{"statusCode":200},"responseTime":44,"msg":"request completed"}
{"level":30,"time":1790835841425,"service":"shop-api","reqId":"4b49ac13-b160-44f9-8a22-563b62633657","req":{"method":"PUT","url":"/api/cart/items/3"},"res":{"statusCode":200},"responseTime":23,"msg":"request completed"}
{"level":30,"time":1790835871713,"service":"shop-api","reqId":"56ef798e-3b60-4857-876e-0b143e2d6a93","req":{"method":"GET","url":"/api/products"},"res":{"statusCode":200},"responseTime":31,"msg":"request completed"}
{"level":30,"time":1790835889791,"service":"shop-api","reqId":"d4c26b68-0d85-422a-8dcb-931bf6036a54","req":{"method":"PUT","url":"/api/cart/items/6"},"res":{"statusCode":200},"responseTime":23,"msg":"request completed"}
{"level":30,"time":1790835894591,"service":"shop-api","reqId":"8e72869f-5d66-40a8-9a00-625b560de0b7","req":{"method":"POST","url":"/api/auth/login"},"res":{"statusCode":200},"responseTime":102,"msg":"request completed"}
{"level":30,"time":1790835919481,"service":"shop-api","reqId":"c51f0aa8-78b0-43fb-8f23-6ba895368fdf","req":{"method":"POST","url":"/api/orders"},"res":{"statusCode":201},"responseTime":59,"msg":"request completed"}
{"level":30,"time":1790835943654,"service":"shop-api","reqId":"8584619f-db97-48c7-88a1-02208293acb6","req":{"method":"POST","url":"/api/quote"},"res":{"statusCode":200},"responseTime":45,"msg":"request completed"}
{"level":30,"time":1790835948151,"service":"shop-api","reqId":"5cc219f0-b38c-4ec8-bf95-54be705b9f84","req":{"method":"GET","url":"/api/products/3"},"res":{"statusCode":200},"responseTime":14,"msg":"request completed"}
{"level":30,"time":1790835960396,"service":"shop-api","reqId":"22b23609-eac5-48a5-9cb8-d228b3465b03","req":{"method":"GET","url":"/api/products"},"res":{"statusCode":200},"responseTime":25,"msg":"request completed"}
{"level":30,"time":1790835987079,"service":"shop-api","reqId":"357456a8-93b4-4a64-a3d4-d25f6a114aa0","req":{"method":"GET","url":"/api/products"},"res":{"statusCode":200},"responseTime":24,"msg":"request completed"}
{"level":30,"time":1790836000657,"service":"shop-api","reqId":"9f6ea027-6fc0-457b-9401-318a33dc7f15","req":{"method":"GET","url":"/api/products/5"},"res":{"statusCode":200},"responseTime":7,"msg":"request completed"}
{"level":30,"time":1790836001788,"service":"shop-api","reqId":"ea125570-8509-4bb9-9b05-76a82879e153","req":{"method":"GET","url":"/api/products"},"res":{"statusCode":200},"responseTime":18,"msg":"request completed"}
{"level":30,"time":1790836019898,"service":"shop-api","reqId":"6de5baf7-379f-41ed-ad75-864a8174f954","req":{"method":"GET","url":"/api/products"},"res":{"statusCode":200},"responseTime":33,"msg":"request completed"}
{"level":30,"time":1790836020371,"service":"shop-api","reqId":"83003ab0-577e-4515-8f58-28243dcd2c31","req":{"method":"POST","url":"/api/quote"},"res":{"statusCode":200},"responseTime":35,"msg":"request completed"}
{"level":30,"time":1790836039790,"service":"shop-api","reqId":"48347b74-9b3e-4abf-92aa-317c20b0da62","req":{"method":"POST","url":"/api/quote"},"res":{"statusCode":200},"responseTime":17,"msg":"request completed"}
{"level":30,"time":1790836043292,"service":"shop-api","reqId":"28420ab9-5115-4b40-9099-a938128826d5","req":{"method":"GET","url":"/api/products"},"res":{"statusCode":200},"responseTime":30,"msg":"request completed"}
{"level":30,"time":1790836047411,"service":"shop-api","reqId":"b76fe616-2468-4f42-aea5-a7bd67d86762","req":{"method":"GET","url":"/api/products"},"res":{"statusCode":200},"responseTime":11,"msg":"request completed"}
{"level":30,"time":1790836054076,"service":"shop-api","reqId":"8e5174e2-4033-4ca5-951f-fef60cc0a970","req":{"method":"GET","url":"/api/products/3"},"res":{"statusCode":200},"responseTime":15,"msg":"request completed"}
{"level":30,"time":1790836059959,"service":"shop-api","reqId":"d81d16c4-952c-4092-8ea0-8e0afdf57bdf","req":{"method":"GET","url":"/api/products"},"res":{"statusCode":200},"responseTime":29,"msg":"request completed"}
{"level":30,"time":1790836062386,"service":"shop-api","reqId":"fd5817bf-fa47-4bcc-98ed-7e07b7721ace","req":{"method":"GET","url":"/api/products"},"res":{"statusCode":200},"responseTime":26,"msg":"request completed"}
{"level":30,"time":1790836063800,"service":"shop-api","reqId":"16b74897-4cf4-43c8-a06a-ddd50a5c7a5c","req":{"method":"GET","url":"/api/products/7"},"res":{"statusCode":200},"responseTime":20,"msg":"request completed"}
{"level":30,"time":1790836064224,"service":"shop-api","reqId":"b6044c32-fb21-413c-afdb-ac8012cb732c","req":{"method":"GET","url":"/api/products"},"res":{"statusCode":200},"responseTime":32,"msg":"request completed"}
{"level":30,"time":1790836064495,"service":"shop-api","reqId":"c0eb1156-6b5a-4b7f-b6f4-d8c9d253b42d","req":{"method":"POST","url":"/api/auth/login"},"res":{"statusCode":200},"responseTime":107,"msg":"request completed"}
{"level":30,"time":1790836072486,"service":"shop-api","reqId":"2f4b1936-b27a-4dc1-8b0e-98932ee6de30","req":{"method":"GET","url":"/api/products/11"},"res":{"statusCode":200},"responseTime":19,"msg":"request completed"}
{"level":30,"time":1790836079238,"service":"shop-api","reqId":"852880f1-6731-478b-ad77-58d14546b33c","req":{"method":"GET","url":"/api/products"},"res":{"statusCode":200},"responseTime":14,"msg":"request completed"}
{"level":30,"time":1790836081581,"service":"shop-api","reqId":"ac9ba4db-3565-4c55-b230-d7d5e45b90bc","req":{"method":"GET","url":"/api/products"},"res":{"statusCode":200},"responseTime":16,"msg":"request completed"}
{"level":30,"time":1790836117246,"service":"shop-api","reqId":"83038cee-735f-4703-bfa9-42668828a923","req":{"method":"GET","url":"/api/products"},"res":{"statusCode":200},"responseTime":7,"msg":"request completed"}
{"level":30,"time":1790836119908,"service":"shop-api","reqId":"d59d3dc4-56e5-4793-8fbc-5787f3555183","req":{"method":"POST","url":"/api/quote"},"res":{"statusCode":200},"responseTime":37,"msg":"request completed"}
{"level":30,"time":1790836122700,"service":"shop-api","reqId":"90610bf8-c59f-464d-96d8-79decd47ed25","req":{"method":"POST","url":"/api/quote"},"res":{"statusCode":200},"responseTime":37,"msg":"request completed"}
{"level":30,"time":1790836124111,"service":"shop-api","reqId":"c5df8be5-dd19-4096-9ddb-756121216fd7","req":{"method":"GET","url":"/api/products"},"res":{"statusCode":200},"responseTime":30,"msg":"request completed"}
{"level":30,"time":1790836132706,"service":"shop-api","reqId":"175a8460-2859-47f2-a802-8908aaaa3049","req":{"method":"GET","url":"/api/products/10"},"res":{"statusCode":200},"responseTime":15,"msg":"request completed"}
{"level":30,"time":1790836144632,"service":"shop-api","reqId":"138d9e4b-17c4-434d-91b2-4388429c5644","req":{"method":"PUT","url":"/api/cart/items/9"},"res":{"statusCode":200},"responseTime":40,"msg":"request completed"}
{"level":30,"time":1790836161713,"service":"shop-api","reqId":"6ce31636-be1d-4baa-90f1-7f34cd2f792f","req":{"method":"GET","url":"/api/products/5"},"res":{"statusCode":200},"responseTime":20,"msg":"request completed"}
{"level":30,"time":1790836164165,"service":"shop-api","reqId":"4a7f4453-cb2b-4fa4-8cc1-beab3e13dff3","orderId":853,"amount":117000,"msg":"payment requested"}
{"level":30,"time":1790836164169,"service":"shop-api","reqId":"4a7f4453-cb2b-4fa4-8cc1-beab3e13dff3","attempt":1,"gatewayTxId":"GW-C7DC79","msg":"gateway call"}
{"level":30,"time":1790836164204,"service":"shop-api","reqId":"4a7f4453-cb2b-4fa4-8cc1-beab3e13dff3","orderId":853,"gatewayTxId":"GW-C7DC79","msg":"payment approved"}
{"level":30,"time":1790836164207,"service":"shop-api","reqId":"4a7f4453-cb2b-4fa4-8cc1-beab3e13dff3","req":{"method":"POST","url":"/api/orders/853/pay"},"res":{"statusCode":200},"responseTime":44,"msg":"request completed"}
{"level":30,"time":1790836170315,"service":"shop-api","reqId":"14e0b080-3f37-4d25-8208-d95e024327c5","req":{"method":"GET","url":"/api/products"},"res":{"statusCode":200},"responseTime":21,"msg":"request completed"}
{"level":30,"time":1790836179553,"service":"shop-api","reqId":"ae008f51-4b0d-46a4-bef3-c0999a1bafc5","req":{"method":"PUT","url":"/api/cart/items/8"},"res":{"statusCode":200},"responseTime":19,"msg":"request completed"}
{"level":30,"time":1790836206985,"service":"shop-api","reqId":"c2df4e33-eed0-4dbe-ac8a-024bb051ab78","req":{"method":"GET","url":"/api/products"},"res":{"statusCode":200},"responseTime":32,"msg":"request completed"}
{"level":30,"time":1790836215216,"service":"shop-api","reqId":"ea8c4ef5-86a1-4cbd-b8ec-50e7ac23cf13","req":{"method":"GET","url":"/api/products/6"},"res":{"statusCode":200},"responseTime":20,"msg":"request completed"}
{"level":30,"time":1790836221602,"service":"shop-api","reqId":"d8fa2cf1-e2d9-482a-84f4-803eaf9fefc6","req":{"method":"GET","url":"/api/products"},"res":{"statusCode":200},"responseTime":6,"msg":"request completed"}
{"level":30,"time":1790836224473,"service":"shop-api","reqId":"047a7302-d869-407d-b972-0801d6dfc354","req":{"method":"GET","url":"/api/products"},"res":{"statusCode":200},"responseTime":20,"msg":"request completed"}
{"level":30,"time":1790836237602,"service":"shop-api","reqId":"97129720-402a-4b82-95a8-c315abf02466","req":{"method":"PUT","url":"/api/cart/items/4"},"res":{"statusCode":200},"responseTime":34,"msg":"request completed"}
{"level":30,"time":1790836241943,"service":"shop-api","reqId":"278c159d-922d-4dea-933d-d43508ccb39a","req":{"method":"POST","url":"/api/auth/login"},"res":{"statusCode":200},"responseTime":94,"msg":"request completed"}
{"level":30,"time":1790836270272,"service":"shop-api","reqId":"47caf5a9-7c9b-4bf9-a45d-b2c9c524d472","req":{"method":"GET","url":"/api/products/8"},"res":{"statusCode":200},"responseTime":5,"msg":"request completed"}
{"level":30,"time":1790836279587,"service":"shop-api","reqId":"66599b04-6cf2-468c-8546-2848dd20c3ac","req":{"method":"PUT","url":"/api/cart/items/3"},"res":{"statusCode":200},"responseTime":38,"msg":"request completed"}
{"level":30,"time":1790836287668,"service":"shop-api","reqId":"84a0af7c-e009-468f-8fad-cc40240aee7e","orderId":854,"amount":19000,"msg":"payment requested"}
{"level":30,"time":1790836287672,"service":"shop-api","reqId":"84a0af7c-e009-468f-8fad-cc40240aee7e","attempt":1,"gatewayTxId":"GW-65891D","msg":"gateway call"}
{"level":30,"time":1790836287707,"service":"shop-api","reqId":"84a0af7c-e009-468f-8fad-cc40240aee7e","orderId":854,"gatewayTxId":"GW-65891D","msg":"payment approved"}
{"level":30,"time":1790836287710,"service":"shop-api","reqId":"84a0af7c-e009-468f-8fad-cc40240aee7e","req":{"method":"POST","url":"/api/orders/854/pay"},"res":{"statusCode":200},"responseTime":44,"msg":"request completed"}
{"level":30,"time":1790836301090,"service":"shop-api","reqId":"1cd4dc8b-5116-4974-af25-0094d34b84fb","req":{"method":"POST","url":"/api/orders"},"res":{"statusCode":201},"responseTime":84,"msg":"request completed"}
{"level":30,"time":1790836319560,"service":"shop-api","reqId":"1fbcc995-9ce9-4336-9fff-9603691f1755","req":{"method":"GET","url":"/api/products/3"},"res":{"statusCode":200},"responseTime":6,"msg":"request completed"}
{"level":30,"time":1790836321242,"service":"shop-api","reqId":"61f0649b-b29a-44f1-b951-1266d10822d2","req":{"method":"GET","url":"/api/products"},"res":{"statusCode":200},"responseTime":26,"msg":"request completed"}
{"level":30,"time":1790836325921,"service":"shop-api","reqId":"1dcad91c-754a-4ccc-a419-c011527bee8d","req":{"method":"GET","url":"/api/products"},"res":{"statusCode":200},"responseTime":17,"msg":"request completed"}
{"level":30,"time":1790836326095,"service":"shop-api","reqId":"8d02d940-76fa-44b7-bed1-10cee5b2f4e0","req":{"method":"POST","url":"/api/auth/login"},"res":{"statusCode":401},"responseTime":83,"msg":"request completed"}
{"level":30,"time":1790836332937,"service":"shop-api","reqId":"8df2985c-c33e-4a8c-8348-e2604d6ffaf6","req":{"method":"GET","url":"/api/products/5"},"res":{"statusCode":200},"responseTime":10,"msg":"request completed"}
{"level":30,"time":1790836336116,"service":"shop-api","reqId":"92c6c467-b2e4-4e89-ba13-5819652ec566","req":{"method":"GET","url":"/api/products"},"res":{"statusCode":200},"responseTime":11,"msg":"request completed"}
{"level":30,"time":1790836339124,"service":"shop-api","reqId":"a55e8861-7001-4794-b9e7-7142610f8375","req":{"method":"GET","url":"/api/products/6"},"res":{"statusCode":200},"responseTime":19,"msg":"request completed"}
{"level":30,"time":1790836358408,"service":"shop-api","reqId":"adf5f7c1-7c8e-4447-a664-c271ef3ad06c","req":{"method":"POST","url":"/api/orders"},"res":{"statusCode":201},"responseTime":85,"msg":"request completed"}
{"level":30,"time":1790836406639,"service":"shop-api","reqId":"5381765a-b5f8-4e69-8584-1f356ee98d4f","req":{"method":"GET","url":"/api/products"},"res":{"statusCode":200},"responseTime":14,"msg":"request completed"}
{"level":30,"time":1790836410778,"service":"shop-api","reqId":"98a049b8-2068-4a6e-96fc-c914edef12bf","req":{"method":"PUT","url":"/api/cart/items/8"},"res":{"statusCode":200},"responseTime":17,"msg":"request completed"}
{"level":30,"time":1790836411423,"service":"shop-api","reqId":"7aa23555-ddfb-49d6-9976-975c3b34ea74","req":{"method":"PUT","url":"/api/cart/items/11"},"res":{"statusCode":400},"responseTime":29,"msg":"request completed"}
{"level":30,"time":1790836427598,"service":"shop-api","reqId":"4ebbd43d-6420-415b-a4cd-e94111609990","req":{"method":"PUT","url":"/api/cart/items/5"},"res":{"statusCode":200},"responseTime":36,"msg":"request completed"}
{"level":30,"time":1790836480203,"service":"shop-api","reqId":"f4352476-e719-47bf-93a7-f08ee3b16352","req":{"method":"POST","url":"/api/quote"},"res":{"statusCode":200},"responseTime":33,"msg":"request completed"}
{"level":30,"time":1790836502674,"service":"shop-api","reqId":"e26774ae-91a3-4fb1-a0a8-bbcc6e9ec419","req":{"method":"PUT","url":"/api/cart/items/7"},"res":{"statusCode":400},"responseTime":8,"msg":"request completed"}
{"level":30,"time":1790836509490,"service":"shop-api","reqId":"d7c27ca4-4b53-4648-8f2d-f2281f5e174a","req":{"method":"GET","url":"/api/products"},"res":{"statusCode":200},"responseTime":19,"msg":"request completed"}
{"level":30,"time":1790836547905,"service":"shop-api","reqId":"14389e98-2722-4b4a-bebb-f36100868d2c","req":{"method":"GET","url":"/api/products/11"},"res":{"statusCode":200},"responseTime":19,"msg":"request completed"}
{"level":30,"time":1790836557377,"service":"shop-api","reqId":"0d0a31c1-7960-4d3c-8327-18f47f6f05ae","req":{"method":"POST","url":"/api/auth/login"},"res":{"statusCode":200},"responseTime":76,"msg":"request completed"}
{"level":30,"time":1790836563429,"service":"shop-api","reqId":"bb276127-0b23-4b18-bea1-19d258c79f81","req":{"method":"GET","url":"/api/products/14"},"res":{"statusCode":404},"responseTime":5,"msg":"request completed"}
{"level":30,"time":1790836568229,"service":"shop-api","reqId":"b2d8a294-42f2-4a06-b947-27f58679469a","req":{"method":"GET","url":"/api/products"},"res":{"statusCode":200},"responseTime":15,"msg":"request completed"}
{"level":30,"time":1790836593439,"service":"shop-api","reqId":"71b3855a-931a-4c17-8fa1-0715bc0d502f","req":{"method":"POST","url":"/api/quote"},"res":{"statusCode":200},"responseTime":14,"msg":"request completed"}
{"level":30,"time":1790836595942,"service":"shop-api","reqId":"5c95ac09-f68a-4316-99e5-c5bac5282b1a","req":{"method":"GET","url":"/api/products"},"res":{"statusCode":200},"responseTime":14,"msg":"request completed"}
{"level":30,"time":1790836599854,"service":"shop-api","reqId":"ebac0270-02f5-4712-a578-bfc3759d579c","req":{"method":"PUT","url":"/api/cart/items/5"},"res":{"statusCode":200},"responseTime":38,"msg":"request completed"}
{"level":30,"time":1790836606369,"service":"shop-api","reqId":"63ee6777-cfcc-41b4-ba02-bd0b4b5a60d2","req":{"method":"GET","url":"/api/products"},"res":{"statusCode":200},"responseTime":15,"msg":"request completed"}
{"level":30,"time":1790836627869,"service":"shop-api","reqId":"a627961c-decf-4d0a-8a23-ef5fc966d424","req":{"method":"GET","url":"/api/products"},"res":{"statusCode":200},"responseTime":7,"msg":"request completed"}
{"level":30,"time":1790836628783,"service":"shop-api","reqId":"50c905b0-fbda-421a-bb6b-fde9f0a73b5e","req":{"method":"GET","url":"/api/products/14"},"res":{"statusCode":404},"responseTime":11,"msg":"request completed"}
{"level":30,"time":1790836632016,"service":"shop-api","reqId":"977217b9-226b-4ea9-baf2-883ffab4d7e5","req":{"method":"GET","url":"/api/products/9"},"res":{"statusCode":200},"responseTime":19,"msg":"request completed"}
{"level":30,"time":1790836649943,"service":"shop-api","reqId":"f4bfdb32-ec97-40be-969d-fbe62c1c83b5","req":{"method":"POST","url":"/api/auth/login"},"res":{"statusCode":200},"responseTime":107,"msg":"request completed"}
{"level":30,"time":1790836661130,"service":"shop-api","reqId":"972b0fbc-401c-497b-9550-37dab3484d71","req":{"method":"GET","url":"/api/products/13"},"res":{"statusCode":404},"responseTime":18,"msg":"request completed"}
{"level":30,"time":1790836696268,"service":"shop-api","reqId":"a471712f-1450-460f-b5dc-80e52e151597","req":{"method":"GET","url":"/api/products/2"},"res":{"statusCode":200},"responseTime":6,"msg":"request completed"}
{"level":30,"time":1790836697806,"service":"shop-api","reqId":"3beb8eba-8a28-485a-bec5-425a69f5dcc8","req":{"method":"GET","url":"/api/products/13"},"res":{"statusCode":404},"responseTime":13,"msg":"request completed"}
{"level":30,"time":1790836702517,"service":"shop-api","reqId":"e5e8a002-b57c-4217-964d-a1e821f1697e","req":{"method":"GET","url":"/api/products/1"},"res":{"statusCode":200},"responseTime":11,"msg":"request completed"}
{"level":30,"time":1790836714369,"service":"shop-api","reqId":"a118267b-ddf9-433a-9af2-a074e419b5eb","req":{"method":"GET","url":"/api/products"},"res":{"statusCode":200},"responseTime":21,"msg":"request completed"}
{"level":30,"time":1790836724948,"service":"shop-api","reqId":"7faf6cfa-405f-49ce-b69f-4538572f5e7c","req":{"method":"POST","url":"/api/auth/login"},"res":{"statusCode":200},"responseTime":52,"msg":"request completed"}
{"level":30,"time":1790836726820,"service":"shop-api","reqId":"153586e6-67f8-48b3-a9a1-b7113d6c20f5","req":{"method":"POST","url":"/api/auth/login"},"res":{"statusCode":200},"responseTime":48,"msg":"request completed"}
{"level":30,"time":1790836733069,"service":"shop-api","reqId":"c1975c45-771e-4686-977d-c87f278f4d38","req":{"method":"GET","url":"/api/products"},"res":{"statusCode":200},"responseTime":17,"msg":"request completed"}
{"level":30,"time":1790836746462,"service":"shop-api","reqId":"5c6aa3ce-a44a-46bc-83fd-bd97c5653361","req":{"method":"GET","url":"/api/products/8"},"res":{"statusCode":200},"responseTime":17,"msg":"request completed"}
{"level":30,"time":1790836763122,"service":"shop-api","reqId":"4b458741-9094-4c57-9d68-803c2f6debb6","req":{"method":"GET","url":"/api/products/14"},"res":{"statusCode":404},"responseTime":10,"msg":"request completed"}
{"level":30,"time":1790836775567,"service":"shop-api","reqId":"1e533649-138f-4fc0-9806-68dff59c0869","req":{"method":"PUT","url":"/api/cart/items/11"},"res":{"statusCode":200},"responseTime":29,"msg":"request completed"}
{"level":30,"time":1790836805426,"service":"shop-api","reqId":"70ae3ebf-ba5c-486b-a3f5-7171b634edd2","req":{"method":"POST","url":"/api/orders"},"res":{"statusCode":201},"responseTime":24,"msg":"request completed"}
{"level":30,"time":1790836820688,"service":"shop-api","reqId":"a4e20594-cdae-43f8-a715-041566a8d883","req":{"method":"GET","url":"/api/orders/853"},"res":{"statusCode":200},"responseTime":9,"msg":"request completed"}
{"level":30,"time":1790836823182,"service":"shop-api","reqId":"d2c7e64f-c520-4782-9332-ebc1f3e89133","req":{"method":"GET","url":"/api/products"},"res":{"statusCode":200},"responseTime":32,"msg":"request completed"}
{"level":30,"time":1790836833765,"service":"shop-api","reqId":"d8b71c3f-b059-420f-b8ee-9f158bfd4b36","req":{"method":"GET","url":"/api/products/12"},"res":{"statusCode":200},"responseTime":18,"msg":"request completed"}
{"level":30,"time":1790836841893,"service":"shop-api","reqId":"c30bbd69-6ce4-435f-9aeb-3728c5704408","req":{"method":"GET","url":"/api/products/2"},"res":{"statusCode":200},"responseTime":19,"msg":"request completed"}
{"level":30,"time":1790836842733,"service":"shop-api","reqId":"a67510d4-8f55-40de-abb3-65a2b7f36f0d","req":{"method":"GET","url":"/api/products"},"res":{"statusCode":200},"responseTime":6,"msg":"request completed"}
{"level":30,"time":1790836875567,"service":"shop-api","reqId":"9ebec9b2-3590-4be7-80e7-9fb5641eafc8","req":{"method":"GET","url":"/api/products"},"res":{"statusCode":200},"responseTime":22,"msg":"request completed"}
{"level":30,"time":1790836881738,"service":"shop-api","reqId":"7731e370-e18d-4311-8f23-871fc8d95f67","req":{"method":"PUT","url":"/api/cart/items/9"},"res":{"statusCode":409},"responseTime":24,"msg":"request completed"}
{"level":30,"time":1790836890081,"service":"shop-api","reqId":"b9d74bda-46c0-4e24-a390-5d31297defb3","req":{"method":"GET","url":"/api/products"},"res":{"statusCode":200},"responseTime":26,"msg":"request completed"}
{"level":30,"time":1790836902403,"service":"shop-api","reqId":"b31a539a-92a7-4aa8-90cd-0279be2bcb9b","req":{"method":"GET","url":"/api/products"},"res":{"statusCode":200},"responseTime":15,"msg":"request completed"}
{"level":30,"time":1790836905025,"service":"shop-api","reqId":"82144367-05e0-4642-a5d4-262910d16e65","req":{"method":"POST","url":"/api/orders"},"res":{"statusCode":201},"responseTime":27,"msg":"request completed"}
{"level":30,"time":1790836911407,"service":"shop-api","reqId":"3eeab105-1ebb-48a6-844e-3f4ec1d628fb","req":{"method":"GET","url":"/api/products/9"},"res":{"statusCode":200},"responseTime":6,"msg":"request completed"}
{"level":30,"time":1790836919212,"service":"shop-api","reqId":"e19beb21-318f-43fe-bb12-2957834f5f15","req":{"method":"POST","url":"/api/orders"},"res":{"statusCode":201},"responseTime":22,"msg":"request completed"}
{"level":30,"time":1790836937384,"service":"shop-api","reqId":"973077b8-37a7-4ee6-bec0-198a819025cd","req":{"method":"GET","url":"/api/products"},"res":{"statusCode":200},"responseTime":14,"msg":"request completed"}
{"level":30,"time":1790836957657,"service":"shop-api","reqId":"5a189dde-db78-4017-b378-77ec5b2ab4cc","req":{"method":"GET","url":"/api/products"},"res":{"statusCode":200},"responseTime":14,"msg":"request completed"}
{"level":30,"time":1790836967060,"service":"shop-api","reqId":"7cf6d14d-d281-40c5-ac67-c32b6a3b64fb","req":{"method":"POST","url":"/api/quote"},"res":{"statusCode":200},"responseTime":27,"msg":"request completed"}
{"level":30,"time":1790836976288,"service":"shop-api","reqId":"a6d07c76-fc47-4a1d-93cc-01513e1cc938","req":{"method":"POST","url":"/api/quote"},"res":{"statusCode":200},"responseTime":29,"msg":"request completed"}
{"level":30,"time":1790836982447,"service":"shop-api","reqId":"35c63263-ce2c-4d51-9e26-2d028a43b70d","req":{"method":"GET","url":"/api/products"},"res":{"statusCode":200},"responseTime":28,"msg":"request completed"}
{"level":30,"time":1790836985781,"service":"shop-api","reqId":"94d73124-8215-4c0d-b859-a3a3d33099cc","req":{"method":"GET","url":"/api/products"},"res":{"statusCode":200},"responseTime":11,"msg":"request completed"}
{"level":30,"time":1790836989907,"service":"shop-api","reqId":"2a3af210-23ee-4cf3-9dd4-ccc50bd39c0a","req":{"method":"POST","url":"/api/orders"},"res":{"statusCode":201},"responseTime":37,"msg":"request completed"}
{"level":30,"time":1790837008423,"service":"shop-api","reqId":"a17792b4-7ec6-402d-a4cd-bf06448b6f2f","req":{"method":"POST","url":"/api/orders"},"res":{"statusCode":201},"responseTime":80,"msg":"request completed"}
{"level":30,"time":1790837014906,"service":"shop-api","reqId":"40b259c8-ed5d-445d-adef-2f1386c0d953","orderId":855,"amount":37000,"msg":"payment requested"}
{"level":30,"time":1790837014910,"service":"shop-api","reqId":"40b259c8-ed5d-445d-adef-2f1386c0d953","attempt":1,"gatewayTxId":"GW-8A6EA0","msg":"gateway call"}
{"level":30,"time":1790837014945,"service":"shop-api","reqId":"40b259c8-ed5d-445d-adef-2f1386c0d953","orderId":855,"gatewayTxId":"GW-8A6EA0","msg":"payment approved"}
{"level":30,"time":1790837014948,"service":"shop-api","reqId":"40b259c8-ed5d-445d-adef-2f1386c0d953","req":{"method":"POST","url":"/api/orders/855/pay"},"res":{"statusCode":200},"responseTime":44,"msg":"request completed"}
{"level":30,"time":1790837032213,"service":"shop-api","reqId":"51e166c7-2902-4a51-9344-c07d81492847","req":{"method":"PUT","url":"/api/cart/items/2"},"res":{"statusCode":200},"responseTime":32,"msg":"request completed"}
{"level":30,"time":1790837046624,"service":"shop-api","reqId":"46bed304-ac14-4988-bc55-56b11e8c1a31","req":{"method":"GET","url":"/api/products"},"res":{"statusCode":200},"responseTime":6,"msg":"request completed"}
{"level":30,"time":1790837060448,"service":"shop-api","reqId":"a0a0552a-5c10-48b0-8ff1-8c90e3875268","req":{"method":"PUT","url":"/api/cart/items/7"},"res":{"statusCode":400},"responseTime":38,"msg":"request completed"}
{"level":30,"time":1790837062410,"service":"shop-api","reqId":"d2b223d1-02aa-4f9f-9836-f167ab99d543","req":{"method":"POST","url":"/api/auth/login"},"res":{"statusCode":200},"responseTime":58,"msg":"request completed"}
{"level":30,"time":1790837075283,"service":"shop-api","reqId":"8fab2cc8-d0a4-4b56-a988-83a805576204","req":{"method":"PUT","url":"/api/cart/items/4"},"res":{"statusCode":409},"responseTime":9,"msg":"request completed"}
{"level":30,"time":1790837083919,"service":"shop-api","reqId":"e5343856-4db3-4a37-ba1a-c5dcd217c1a1","req":{"method":"GET","url":"/api/products/2"},"res":{"statusCode":200},"responseTime":20,"msg":"request completed"}
{"level":30,"time":1790837091486,"service":"shop-api","reqId":"3d683548-9d4d-4641-b0b1-b508cda2adb1","req":{"method":"GET","url":"/api/orders/810"},"res":{"statusCode":200},"responseTime":16,"msg":"request completed"}
{"level":30,"time":1790837118815,"service":"shop-api","reqId":"551d607b-baaf-4442-8e68-9dc416890c24","req":{"method":"PUT","url":"/api/cart/items/9"},"res":{"statusCode":200},"responseTime":19,"msg":"request completed"}
{"level":30,"time":1790837130730,"service":"shop-api","reqId":"c8ec7bec-e017-4be0-a2ac-be7e9b38f95f","req":{"method":"GET","url":"/api/products"},"res":{"statusCode":200},"responseTime":18,"msg":"request completed"}
{"level":30,"time":1790837170617,"service":"shop-api","reqId":"a4751569-af29-4588-ade0-bbfa646499a8","req":{"method":"GET","url":"/api/orders/870"},"res":{"statusCode":404},"responseTime":18,"msg":"request completed"}
{"level":30,"time":1790837190803,"service":"shop-api","reqId":"4985e69c-fcb3-4326-b748-6cb8c5437180","req":{"method":"GET","url":"/api/products/14"},"res":{"statusCode":404},"responseTime":5,"msg":"request completed"}
{"level":30,"time":1790837192385,"service":"shop-api","reqId":"1a5af7b7-7c89-40c4-a278-a2f20c2f7641","req":{"method":"GET","url":"/api/products"},"res":{"statusCode":200},"responseTime":11,"msg":"request completed"}
{"level":30,"time":1790837199011,"service":"shop-api","reqId":"3ac49257-b8cd-4f12-b230-5137b353a31f","req":{"method":"POST","url":"/api/orders"},"res":{"statusCode":201},"responseTime":53,"msg":"request completed"}
{"level":30,"time":1790837206909,"service":"shop-api","reqId":"e9050c37-f32c-4969-ae86-57cc8ff6e814","req":{"method":"GET","url":"/api/products/2"},"res":{"statusCode":200},"responseTime":6,"msg":"request completed"}
{"level":30,"time":1790837216132,"service":"shop-api","reqId":"1a1cde06-6e71-4fe2-a639-ef6cfbe12bcf","orderId":856,"amount":20000,"msg":"payment requested"}
{"level":30,"time":1790837216136,"service":"shop-api","reqId":"1a1cde06-6e71-4fe2-a639-ef6cfbe12bcf","attempt":1,"gatewayTxId":"GW-0569B2","msg":"gateway call"}
{"level":30,"time":1790837216171,"service":"shop-api","reqId":"1a1cde06-6e71-4fe2-a639-ef6cfbe12bcf","orderId":856,"gatewayTxId":"GW-0569B2","msg":"payment approved"}
{"level":30,"time":1790837216174,"service":"shop-api","reqId":"1a1cde06-6e71-4fe2-a639-ef6cfbe12bcf","req":{"method":"POST","url":"/api/orders/856/pay"},"res":{"statusCode":200},"responseTime":44,"msg":"request completed"}
{"level":30,"time":1790837223369,"service":"shop-api","reqId":"61129bb1-4378-4431-8368-ac84838a5def","req":{"method":"GET","url":"/api/products"},"res":{"statusCode":200},"responseTime":10,"msg":"request completed"}
{"level":30,"time":1790837238530,"service":"shop-api","reqId":"56290fbf-e059-456d-86bf-d09902478368","req":{"method":"GET","url":"/api/products/14"},"res":{"statusCode":404},"responseTime":11,"msg":"request completed"}
{"level":30,"time":1790837244542,"service":"shop-api","reqId":"e9f5b04e-e6d1-4f6b-aeb7-10a8114161d5","req":{"method":"POST","url":"/api/auth/login"},"res":{"statusCode":200},"responseTime":90,"msg":"request completed"}
{"level":30,"time":1790837286427,"service":"shop-api","reqId":"c6e23bc0-8385-4978-9b63-1523b4e79af2","req":{"method":"GET","url":"/api/products"},"res":{"statusCode":200},"responseTime":22,"msg":"request completed"}
{"level":30,"time":1790837305460,"service":"shop-api","reqId":"447c7903-52a0-4257-85d9-47d45eb071f5","req":{"method":"POST","url":"/api/orders"},"res":{"statusCode":201},"responseTime":82,"msg":"request completed"}
{"level":30,"time":1790837334354,"service":"shop-api","reqId":"717b3936-1e9f-4717-a7c7-e90c898090a3","req":{"method":"GET","url":"/api/products/6"},"res":{"statusCode":200},"responseTime":11,"msg":"request completed"}
{"level":30,"time":1790837368345,"service":"shop-api","reqId":"5bfaf7e6-bfc7-4e1a-b998-dab385d80cea","req":{"method":"POST","url":"/api/orders"},"res":{"statusCode":201},"responseTime":51,"msg":"request completed"}
{"level":30,"time":1790837368744,"service":"shop-api","reqId":"27a4e94b-6faf-49b4-ade1-bf0b2f842374","req":{"method":"POST","url":"/api/orders"},"res":{"statusCode":201},"responseTime":42,"msg":"request completed"}
{"level":30,"time":1790837374963,"service":"shop-api","reqId":"d224880f-3fc8-4d27-aa89-5120a1180a99","req":{"method":"GET","url":"/api/products"},"res":{"statusCode":200},"responseTime":17,"msg":"request completed"}
{"level":30,"time":1790837392835,"service":"shop-api","reqId":"0fc346ac-60c4-4795-9ba4-a09ead7099d9","req":{"method":"GET","url":"/api/products"},"res":{"statusCode":200},"responseTime":27,"msg":"request completed"}
{"level":30,"time":1790837398826,"service":"shop-api","reqId":"86ba2cb6-1f97-45d9-99d1-dbe01befe1f2","req":{"method":"PUT","url":"/api/cart/items/3"},"res":{"statusCode":409},"responseTime":35,"msg":"request completed"}
{"level":30,"time":1790837424580,"service":"shop-api","reqId":"77da9d61-070a-4aa2-9f5a-f63d04cd4c38","req":{"method":"PUT","url":"/api/cart/items/12"},"res":{"statusCode":409},"responseTime":20,"msg":"request completed"}
{"level":30,"time":1790837464345,"service":"shop-api","reqId":"db7d48a1-3d8b-413b-9559-ef9af9b1bea5","req":{"method":"GET","url":"/api/products"},"res":{"statusCode":200},"responseTime":34,"msg":"request completed"}
{"level":30,"time":1790837478647,"service":"shop-api","reqId":"a16cb50c-222e-44a0-8f17-74601de12042","req":{"method":"POST","url":"/api/quote"},"res":{"statusCode":200},"responseTime":37,"msg":"request completed"}
{"level":30,"time":1790837480458,"service":"shop-api","reqId":"987f3aa9-62e0-4072-8e7e-7c2e06459438","req":{"method":"GET","url":"/api/products/13"},"res":{"statusCode":404},"responseTime":16,"msg":"request completed"}
{"level":30,"time":1790837485134,"service":"shop-api","reqId":"441b1977-9cdf-423d-ab28-6b472e2bf57f","req":{"method":"POST","url":"/api/auth/login"},"res":{"statusCode":200},"responseTime":84,"msg":"request completed"}
{"level":30,"time":1790837494893,"service":"shop-api","reqId":"6998a13b-c0a8-48fe-aa5b-a5dbfc4efb0f","req":{"method":"POST","url":"/api/auth/login"},"res":{"statusCode":200},"responseTime":49,"msg":"request completed"}
{"level":30,"time":1790837497853,"service":"shop-api","reqId":"b77b4e69-d281-4c07-b70f-faf10fb02041","req":{"method":"GET","url":"/api/products"},"res":{"statusCode":200},"responseTime":21,"msg":"request completed"}
{"level":30,"time":1790837498039,"service":"shop-api","reqId":"879e5160-d57b-472f-a076-cc9fb4ea45cc","req":{"method":"GET","url":"/api/products/5"},"res":{"statusCode":200},"responseTime":11,"msg":"request completed"}
{"level":30,"time":1790837500940,"service":"shop-api","reqId":"259ac331-8790-4254-8717-389b3bc62d4a","req":{"method":"PUT","url":"/api/cart/items/6"},"res":{"statusCode":200},"responseTime":18,"msg":"request completed"}
{"level":30,"time":1790837508665,"service":"shop-api","reqId":"2aeacc76-9ffe-4b5d-ae91-f46f78160194","req":{"method":"GET","url":"/api/products/8"},"res":{"statusCode":200},"responseTime":8,"msg":"request completed"}
{"level":30,"time":1790837529230,"service":"shop-api","reqId":"afb934ea-f645-4b5d-935e-7fb5406a549e","req":{"method":"GET","url":"/api/products/12"},"res":{"statusCode":200},"responseTime":19,"msg":"request completed"}
{"level":30,"time":1790837532948,"service":"shop-api","reqId":"9161ef83-a8bc-44e5-b6f6-955a7432fdf3","req":{"method":"GET","url":"/api/products"},"res":{"statusCode":200},"responseTime":27,"msg":"request completed"}
{"level":30,"time":1790837547148,"service":"shop-api","reqId":"0116c35d-135f-4bf2-a4e9-b252655c2703","req":{"method":"GET","url":"/api/products/10"},"res":{"statusCode":200},"responseTime":13,"msg":"request completed"}
{"level":30,"time":1790837548549,"service":"shop-api","reqId":"30674858-2aba-430e-9575-9aadcb567f3d","req":{"method":"GET","url":"/api/products/10"},"res":{"statusCode":200},"responseTime":12,"msg":"request completed"}
{"level":30,"time":1790837596556,"service":"shop-api","reqId":"720afb6f-b98f-4195-a42e-abfa2ba8aae0","req":{"method":"GET","url":"/api/products/11"},"res":{"statusCode":200},"responseTime":15,"msg":"request completed"}
{"level":30,"time":1790837597279,"service":"shop-api","reqId":"3a78f90b-5417-4909-856d-1266ca018ac1","req":{"method":"PUT","url":"/api/cart/items/4"},"res":{"statusCode":409},"responseTime":22,"msg":"request completed"}
{"level":30,"time":1790837599867,"service":"shop-api","reqId":"90895622-35db-45d8-b55c-4433dacdfe33","req":{"method":"GET","url":"/api/products/2"},"res":{"statusCode":200},"responseTime":4,"msg":"request completed"}
{"level":30,"time":1790837610036,"service":"shop-api","reqId":"f1bedfda-4bab-4ad6-8ead-f3c0148289ab","req":{"method":"GET","url":"/api/products"},"res":{"statusCode":200},"responseTime":34,"msg":"request completed"}
{"level":30,"time":1790837623842,"service":"shop-api","reqId":"5bcc16a9-0c3d-422d-a7e9-e4677606a383","req":{"method":"GET","url":"/api/products/6"},"res":{"statusCode":200},"responseTime":8,"msg":"request completed"}
{"level":30,"time":1790837625140,"service":"shop-api","reqId":"1efcdb0a-6197-43dc-8bda-376dd1bed877","req":{"method":"PUT","url":"/api/cart/items/10"},"res":{"statusCode":200},"responseTime":37,"msg":"request completed"}
{"level":30,"time":1790837628242,"service":"shop-api","reqId":"13af1a7d-4f68-41e4-9ea5-161e3872c163","req":{"method":"GET","url":"/api/products"},"res":{"statusCode":200},"responseTime":33,"msg":"request completed"}
{"level":30,"time":1790837633590,"service":"shop-api","reqId":"e11b38fb-1ef7-4b97-8eec-60e63f08c45a","req":{"method":"GET","url":"/api/products"},"res":{"statusCode":200},"responseTime":11,"msg":"request completed"}
{"level":30,"time":1790837655764,"service":"shop-api","reqId":"ab027077-e380-4c05-8e27-a1f271c0b0d6","req":{"method":"GET","url":"/api/products"},"res":{"statusCode":200},"responseTime":20,"msg":"request completed"}
{"level":30,"time":1790837663319,"service":"shop-api","reqId":"a894be93-883f-4f4b-84fe-a5d331fd6abc","req":{"method":"GET","url":"/api/products/8"},"res":{"statusCode":200},"responseTime":12,"msg":"request completed"}
{"level":30,"time":1790837672855,"service":"shop-api","reqId":"38bf9585-0413-4e1f-9d7b-e1dfb0833ce3","req":{"method":"POST","url":"/api/orders"},"res":{"statusCode":201},"responseTime":51,"msg":"request completed"}
{"level":30,"time":1790837698853,"service":"shop-api","reqId":"a886f6ce-7e28-417a-ad96-070127858feb","req":{"method":"GET","url":"/api/products"},"res":{"statusCode":200},"responseTime":30,"msg":"request completed"}
{"level":30,"time":1790837733287,"service":"shop-api","reqId":"95b04c99-5536-4166-bad6-648f3b657dc0","req":{"method":"POST","url":"/api/quote"},"res":{"statusCode":200},"responseTime":12,"msg":"request completed"}
{"level":30,"time":1790837747381,"service":"shop-api","reqId":"7b6baa54-69cd-448e-92ce-9433d38d91ec","req":{"method":"GET","url":"/api/products/14"},"res":{"statusCode":404},"responseTime":18,"msg":"request completed"}
{"level":30,"time":1790837807504,"service":"shop-api","reqId":"a4216b60-bbea-4838-bb89-72144745a456","req":{"method":"POST","url":"/api/orders"},"res":{"statusCode":201},"responseTime":40,"msg":"request completed"}
{"level":30,"time":1790837810618,"service":"shop-api","reqId":"2d76cf43-b11d-4c81-8503-4c6f4509cb52","req":{"method":"PUT","url":"/api/cart/items/12"},"res":{"statusCode":200},"responseTime":22,"msg":"request completed"}
{"level":30,"time":1790837816206,"service":"shop-api","reqId":"bbf23125-d843-44db-8ee2-a8e856cfb999","req":{"method":"PUT","url":"/api/cart/items/3"},"res":{"statusCode":200},"responseTime":22,"msg":"request completed"}
{"level":30,"time":1790837830558,"service":"shop-api","reqId":"7998f8c6-473f-4a71-8730-7f33f45a3b6a","req":{"method":"GET","url":"/api/products"},"res":{"statusCode":200},"responseTime":30,"msg":"request completed"}
{"level":30,"time":1790837836103,"service":"shop-api","reqId":"4602cc4a-608e-4ece-8065-8da3b0758aa1","req":{"method":"GET","url":"/api/products"},"res":{"statusCode":200},"responseTime":16,"msg":"request completed"}
{"level":30,"time":1790837882053,"service":"shop-api","reqId":"f6adea7b-92a2-400f-9512-28111b613622","req":{"method":"POST","url":"/api/quote"},"res":{"statusCode":200},"responseTime":39,"msg":"request completed"}
{"level":30,"time":1790837893751,"service":"shop-api","reqId":"bbc19df9-4b33-442f-b4d8-8088148c7dfa","req":{"method":"GET","url":"/api/products"},"res":{"statusCode":200},"responseTime":31,"msg":"request completed"}
{"level":30,"time":1790837896478,"service":"shop-api","reqId":"9166e734-c4e9-4c6c-9e13-acd9f06fe014","req":{"method":"GET","url":"/api/products"},"res":{"statusCode":200},"responseTime":9,"msg":"request completed"}
{"level":30,"time":1790837900983,"service":"shop-api","reqId":"2716b957-1b11-4de1-aec2-30335428465c","req":{"method":"GET","url":"/api/products/11"},"res":{"statusCode":200},"responseTime":8,"msg":"request completed"}
{"level":30,"time":1790837905537,"service":"shop-api","reqId":"9985cdf6-2f79-4819-9bde-067bde93dd53","req":{"method":"POST","url":"/api/auth/login"},"res":{"statusCode":401},"responseTime":115,"msg":"request completed"}
{"level":30,"time":1790837908957,"service":"shop-api","reqId":"a83ae288-10e6-4ff4-9b86-c2e8ee19495a","req":{"method":"POST","url":"/api/quote"},"res":{"statusCode":200},"responseTime":13,"msg":"request completed"}
{"level":30,"time":1790837912681,"service":"shop-api","reqId":"ee76d66b-ad6c-4c0c-a1a7-ab720b99911e","req":{"method":"PUT","url":"/api/cart/items/1"},"res":{"statusCode":400},"responseTime":40,"msg":"request completed"}
{"level":30,"time":1790837926803,"service":"shop-api","reqId":"52fc0d66-e172-4aa7-b64e-eb390b5edfb5","req":{"method":"GET","url":"/api/products/8"},"res":{"statusCode":200},"responseTime":8,"msg":"request completed"}
{"level":30,"time":1790837958185,"service":"shop-api","reqId":"ac3d1f26-6763-473a-808c-44aeb3bdba17","req":{"method":"POST","url":"/api/orders"},"res":{"statusCode":201},"responseTime":67,"msg":"request completed"}
{"level":30,"time":1790837958791,"service":"shop-api","reqId":"aca2eb8b-f7d5-4ee9-b513-be72c4c50bc6","req":{"method":"POST","url":"/api/quote"},"res":{"statusCode":200},"responseTime":23,"msg":"request completed"}
{"level":30,"time":1790837967794,"service":"shop-api","reqId":"45e9a53f-3cf3-45ac-a8ae-879630fea544","req":{"method":"GET","url":"/api/orders/851"},"res":{"statusCode":404},"responseTime":16,"msg":"request completed"}
{"level":30,"time":1790837972865,"service":"shop-api","reqId":"90435076-9b1f-4d7d-95db-3017ef4aaf67","req":{"method":"GET","url":"/api/products/14"},"res":{"statusCode":404},"responseTime":8,"msg":"request completed"}
{"level":30,"time":1790837999438,"service":"shop-api","reqId":"a5404c41-8511-460e-ae03-86a0e0aca860","req":{"method":"PUT","url":"/api/cart/items/10"},"res":{"statusCode":200},"responseTime":22,"msg":"request completed"}
